Postal_Code,Subdivision_Name
P0H 1E0,Bonfield
P1B 1N6,North Bay
P0H 2G0,N/A
P0H 2M0,West Nipissing / Nipissing Ouest
P0H 1M0,West Nipissing / Nipissing Ouest
P0M 2W0,French River / Rivière des Français
P0M 2N0,West Nipissing / Nipissing Ouest
P0M 1A0,French River / Rivière des Français
P0H 1V0,Papineau-Cameron
P0H 1E0,Bonfield
P1B 1N6,North Bay
P0H 2G0,N/A
P0H 2M0,West Nipissing / Nipissing Ouest
P0H 1M0,West Nipissing / Nipissing Ouest
P0M 2W0,French River / Rivière des Français
P0M 2N0,West Nipissing / Nipissing Ouest
P0M 1A0,French River / Rivière des Français
P0L 1N0,Hearst
P4N 2S9,Timmins
P0L 1P0,"Cochrane, Unorganized, North Part"
P1B 4V6,North Bay
P0H 1V0,Papineau-Cameron
P0H 1E0,Bonfield
P1B 4A2,North Bay
P2B 1S1,West Nipissing / Nipissing Ouest
P0H 2M0,West Nipissing / Nipissing Ouest
P0H 1M0,West Nipissing / Nipissing Ouest
P0M 2W0,French River / Rivière des Français
P0M 2N0,West Nipissing / Nipissing Ouest
P0M 1A0,French River / Rivière des Français
P5N 1A6,Kapuskasing
P0L 1N0,Hearst
P4N 8H7,Timmins
P0L 1T0,Mattice-Val Côté
P0H 2G0,N/A
E1G 2T5,Moncton
E1C 8R9,Moncton
E6J 1A1,McAdam
E2M 3N1,Saint John
E7M 2N9,Woodstock
E1B 5R6,Riverview
E1E 3Y3,Moncton
E1V 3V4,Miramichi
E2L 1G5,Saint John
E1V 3V4,Miramichi
E8C 2X2,Dalhousie
E9B 1P1,Blackville
E4Z 4L9,Petitcodiac
E5N 6C3,Hampton
E3B 5E3,Kingsclear
E2V 2R6,Burton
E9G 4C8,Alnwick
E1C 5R6,Moncton
E3A 2W3,Fredericton
E4E 7H8,Sussex
E1C 5W1,Moncton
E4W 1V9,Rexton
E2J 1X7,Saint John
E5L 1R5,Fredericton Junction
E2E 5Y8,Rothesay
E3B 5R6,Fredericton
E2L 4L2,Saint John
E5C 3P1,St. George
E2L 1G5,Saint John
R2H 0G4,Winnipeg
R0G 1Y0,Ritchot
R0H 0H0,Cartier
R0G 0A2,Macdonald
R0A 0T0,Taché
R0A 0W0,La Broquerie
R0J 1A0,McCreary
R0G 2B0,Montcalm
R5K 0T1,N/A
R0G 1Z0,Dufferin
R2H 0G4,Winnipeg
R5H 1J3,Ste. Anne
R5A 1A1,Ritchot
R0G 1Y0,Ritchot
R5H 1J3,Ste. Anne
 MB R2H,N/A
R0G 1Z0,Dufferin
R0E 1V0,Alexander
R0G 2B0,Montcalm
"ste, MB",N/A
R0G 1M0,Lorne
R0A 1T0,De Salaberry
R2J 2M6,Winnipeg
R0A 1V0,De Salaberry
R5H 1J3,Ste. Anne
R0C 2S0,Woodlands
R2M 5S5,Winnipeg
 Pierre,N/A
V8A 2K2,Powell River
V8A 3B5,Powell River
V0N 3K0,Powell River D
V0N 1G0,Bowen Island
V8A 2K2,Powell River
V0R 1S0,Courtenay
V6E 4A6,Vancouver
V5C 2K1,Burnaby
V6E 4A6,Vancouver
V0N 1B4,Whistler
V0N 2L0,Pemberton
V8B 0G2,Squamish
V5C 2K1,Burnaby
V6K 2E3,Vancouver
V6M 2A4,Vancouver
V3N 3B5,Burnaby
V3N 3B5,Burnaby
V3N 3B5,Burnaby
V1Y 6P3,Kelowna
V1X 2Z3,Kelowna
V4T 2H7,West Kelowna
V1Y 8E7,Kelowna
V1Y 8M1,Kelowna
V4V 2L9,Lake Country
V1T 9G8,Vernon
V1V 3C4,Kelowna
V1Y 6P3,Kelowna
V0H 1T0,Kootenay Boundary E
V0H 1R0,Okanagan-Similkameen D
V0H 1V2,Osoyoos
V9W 2P8,Campbell River
V9W 8C9,Campbell River
V9W 1C4,Campbell River
V9W 1C4,Campbell River
V5V 3C7,Vancouver
V5Z 2X8,Vancouver
V5T 4G5,Vancouver
V5C 5R3,Burnaby
V3R 8X7,Surrey
V5C 5R3,Burnaby
V3L 2B8,New Westminster
V5C 5R3,Burnaby
V9N 1G7,Courtenay
V9M 3L9,Comox
V9N 3R6,Courtenay
V9M 3L9,Comox
V8V 2G6,Victoria
V3T 0K7,N/A
V8W 3M9,Victoria
V8W 3M9,Victoria
V3T 0K7,N/A
V8W 1H2,Victoria
V8P 2P5,Saanich
V9B 5T6,Colwood
V0N 1A0,Mount Waddington A
V8W 2H4,Victoria
V8W 2H4,Victoria
V3M 1Z7,New Westminster
V6C 1S4,Vancouver
V5H 3P6,Burnaby
V5H 3Z7,Burnaby
V6A 1R8,Vancouver
V7E 2Y9,Richmond
V6X 1A4,Richmond
V3N 4X8,Burnaby
V3N 4X8,Burnaby
V6A 1R8,Vancouver
V7C 4C1,Richmond
V6X 1A4,Richmond
"aby, BC",N/A
V3W 1P6,Delta
V3S 4G3,Surrey
V5C 2J3,Burnaby
V2Y 0M7,N/A
V6K 2G6,Vancouver
V5C 0H6,N/A
V5H 4L7,Burnaby
V6G 2M4,Vancouver
V3N 3B5,Burnaby
V5T 3A8,Vancouver
V0P 1N0,Strathcona C
V0P 1K0,Strathcona B
V0N 1A0,Mount Waddington A
V0N 1A0,Mount Waddington A
V9Y 2B8,Port Alberni
V0N 2R0,Port McNeill
V0R 3A0,Ucluelet
V9P 2B7,Parksville
V0J 2N0,Smithers
V0J 2J0,New Hazelton
V0T 1C0,Central Coast C
V7M 2H6,North Vancouver
V7J 2A2,North Vancouver
V7T 2Z3,Capilano 5
V7P 1S5,North Vancouver
V8E 1H3,N/A
V7M 2H6,North Vancouver
V7R 2N5,North Vancouver
V7H 2Y5,North Vancouver
V2B 3H1,Kamloops
V2C 1Y1,Kamloops
V0E 1M0,Thompson-Nicola P
V0E 1E0,Thompson-Nicola O
V0E 1N1,Thompson-Nicola A
V2C 6M1,Kamloops
V2C 4A6,Kamloops
V0G 1Y0,Rossland
V0N 3A0,Sechelt
V0N 1V0,Gibsons
V0N 2H0,Sunshine Coast A
V0N 1V0,Gibsons
V0E 1B0,Armstrong
V0E 2G0,Lumby
V6A 1N1,Vancouver
V5Z 3Y5,Vancouver
V8T 4N3,Victoria
 BC V5C,N/A
V3V 6A8,Surrey
V6S 2G4,Vancouver
V7J 1C6,North Vancouver
V6G 1E2,Vancouver
V7N 3X4,North Vancouver
V3N 4X8,Burnaby
V3C 6K5,Port Coquitlam
V3L 3C1,New Westminster
V4A 4N2,Surrey
V4X 1V7,Abbotsford
V5T 3G4,Vancouver
V5T 3G4,Vancouver
V3N 3B5,Burnaby
V1G 2B2,Dawson Creek
V0C 1J0,Chetwynd
V0C 2W0,Tumbler Ridge
V1G 2B2,Dawson Creek
V1G 2B2,Dawson Creek
V3L 3C7,New Westminster
V6H 3J8,Vancouver
V6H 3J8,Vancouver
V4A 4N2,Surrey
V6H 3J8,Vancouver
V2Y 1A2,Langley
V2T 1W3,Abbotsford
V2T 1W3,Abbotsford
V2T 1W3,Abbotsford
V4X 1V1,Abbotsford
V0R 3B0,Comox Valley A
V9G 1A3,Ladysmith
V9G 1M5,Cowichan Valley H
V3M 2R6,New Westminster
V3W 5A5,Surrey
V3C 0A4,Port Coquitlam
V5R 4H1,Vancouver
V3T 5X3,Surrey
V5R 2W8,Vancouver
V3L 3C7,New Westminster
V5T 3G4,Vancouver
V3N 3B5,Burnaby
V4N 0X8,Surrey
V3N 3B5,Burnaby
V3N 3B5,Burnaby
V5T 3G4,Vancouver
V3B 6P2,Port Coquitlam
V6J 4S7,Vancouver
V8B 0B4,Squamish
"x 1940,",N/A
V6A 4G2,Vancouver
V7C 1H8,Richmond
V1T 2N7,Vernon
V0E 1B1,Armstrong
V1T 9R1,Vernon
V0G 1J0,Nakusp
V1T 8G3,Vernon
V0H 1X5,Peachland
V1T 2N7,Vernon
V0H 1Z0,Summerland
V3T 5Y1,Surrey
V3L 3C1,New Westminster
"lam, BC",N/A
V3W 0H9,Surrey
V3T 5Y1,Surrey
V3K 3P4,Coquitlam
V3B 6S2,Coquitlam
V3T 5Y1,Surrey
V3T 2W1,Surrey
V3Z 0R5,N/A
V5S 0C2,N/A
V1A 1Z1,Kimberley
V5N 4P3,Vancouver
V8J 1K8,Prince Rupert
V0T 1S0,Queen Charlotte
V0T 1M0,Masset
V8G 1S6,Terrace
V8T 4Z7,Victoria
V8W 2H4,Victoria
V8G 1S6,Terrace
V4K 1W4,Delta
V3R 3P3,Surrey
V4C 1Y2,Delta
V4K 1W4,Delta
V4C 6R1,Delta
V4L 2A6,Delta
V4E 2A8,Delta
V4C 6R1,Delta
V2Y 1M9,Langley
V4P 3K1,Surrey
V2Y 2X4,Langley
V2Y 2X4,Langley
V0H 1V0,Osoyoos
V9R 2X3,Nanaimo
V9R 2X3,Nanaimo
V9T 3M6,Nanaimo
V0R 1X0,Nanaimo B
V0R 2Z0,Tofino
V9T 5Y1,Nanaimo
V9R 6L1,Nanaimo
V9P 2G7,Parksville
V9K 1S7,Qualicum Beach
V9P 9J9,Nanaimo E
V5T 3G4,Vancouver
V5T 3G4,Vancouver
V5T 3G4,Vancouver
V5T 3G4,Vancouver
V3Y 2W1,Pitt Meadows
V3K 1E6,Coquitlam
V3H 0E2,Port Moody
V3B 8A4,Port Coquitlam
V1M 0A4,Langley
V2R 1A3,Chilliwack
V5J 0A2,Burnaby
V7J 0A1,North Vancouver
V4L 2A6,Delta
V3S 2L6,Surrey
V6A 4G2,Vancouver
V1E 4N9,Salmon Arm
V0E 2T0,N/A
V0E 2W0,Columbia-Shuswap C
V1E 2S3,Salmon Arm
V1E 4N9,Salmon Arm
V5T 3G4,Vancouver
V6B 5R8,Vancouver
V6A 4G2,Vancouver
V6A 4G2,Vancouver
V6A 4G2,Vancouver
V6C 1B4,Vancouver
 BC V6A,N/A
V6C 1B4,Vancouver
V6C 1B4,Vancouver
V6A 4G2,Vancouver
V6A 4G2,Vancouver
"rminal,",N/A
V6A 4G2,Vancouver
V5P 3W1,Vancouver
V5K 1Z3,Vancouver
V6R 2B1,Vancouver
V7T 1B7,West Vancouver
V5C 2J9,Burnaby
V5W 3A1,Vancouver
V5Z 1K9,Vancouver
V5V 3P8,Vancouver
V2L 5B5,Prince George
V6C 1J8,Vancouver
V6K 1N9,Vancouver
V5L 3Y3,Vancouver
V5R 5K6,Vancouver
V6P 5A2,Vancouver
V6M 2A4,Vancouver
V3J 1S2,Burnaby
V5H 2E7,Burnaby
V3B 6J6,Coquitlam
V4C 6P5,Delta
V6B 5R8,Vancouver
V7P 1T2,North Vancouver
V6R 4N2,Vancouver
V2Y 2T5,Langley
V4A 7Z7,Surrey
V6X 3P7,Richmond
V3W 5A8,Surrey
V6A 1T3,Vancouver
V2X 2V6,Maple Ridge
V3R 7Z1,Surrey
"ck Way,",N/A
V3T 2W6,Surrey
V3C 6K5,Port Coquitlam
V2T 1X9,Abbotsford
V5H 4L6,Burnaby
V2V 6M7,Mission
V3T 2X9,Surrey
 BC V6A,N/A
 BC V6A,N/A
V2A 8G7,Penticton
V0X 1N0,Keremeos
V2A 9B8,Penticton 1
V0X 1W0,Princeton
V0H 1T0,Kootenay Boundary E
V1Y 6N9,Kelowna
V1W 3X7,Kelowna
V1Y 8K5,Kelowna
V2A 8G7,Penticton
V1J 3Z1,Fort St. John
V0C 1V0,Hudson's Hope
V0C 1R0,Northern Rockies
V0C 2K0,Peace River D
V1J 3Z1,Fort St. John
V1G 4V7,Dawson Creek
V0N 2H0,Sunshine Coast A
V1T 9H6,Vernon
V2A 6W6,Penticton
V0H 1X5,Peachland
V1V 1Z6,Kelowna
V1X 1X7,Kelowna
V1X 1X7,Kelowna
V2X 2T8,Maple Ridge
V3Y 2E9,Pitt Meadows
V2X 2P6,Maple Ridge
V3S 7Y4,Surrey
V3A 4G7,Langley
V5C 2J4,Burnaby
V5H 2C4,Burnaby
V3S 9H7,Surrey
V2T 2Y6,Abbotsford
V3T 0K7,N/A
V2T 2Y6,Abbotsford
V3W 2M1,Surrey
V2R 2X5,Chilliwack
V3T 0K7,N/A
V3T 0K7,N/A
V3T 0K7,N/A
V3S 1C7,Surrey
V4A 4N3,Surrey
V3W 2P4,Surrey
V2Y 1A2,Langley
V1M 2R6,Langley
V3A 1K8,Langley
V3R 9W3,Surrey
V3T 0K7,N/A
V0E 1V0,Enderby
V0E 1Y0,North Okanagan F
V4A 3V3,Surrey
V3T 0K7,N/A
V4C 6R2,Delta
V3T 0K7,N/A
V3T 0K7,N/A
V3T 0K7,N/A
V1M 2C9,Langley
V3R 4E7,Surrey
V3T 0K7,N/A
V3T 0K7,N/A
V3T 0K7,N/A
V3T 0K7,N/A
V0R 1K0,North Cowichan
V8T 4E8,Victoria
V8T 4E8,Victoria
V0J 1E0,Burns Lake
V8L 1W9,Sidney
V8M 2H8,Central Saanich
V8X 4V1,Saanich
V8P 4H4,Saanich
V9B 1V8,Colwood
V3T 0K7,N/A
V8X 4N1,Saanich
V3T 0K7,N/A
V1N 4G7,Castlegar
V0G 2E0,Silverton
V0H 1J0,Greenwood
V3T 0K7,N/A
V6Y 2B5,Richmond
V7E 2Z5,Richmond
V3B 7K1,Coquitlam
V7A 1W6,Richmond
V6X 1L6,Richmond
V6Y 2B5,Richmond
V4A 4N3,Surrey
V6E 3C9,Vancouver
V6X 3J5,N/A
V0N 3E0,Mount Waddington A
V9L 3R7,Duncan
V9B 2X3,Langford
V8W 1H2,Victoria
V8Z 5G5,View Royal
V9R 2X3,Nanaimo
V3T 0K7,N/A
V7C 3L9,Richmond
V3X 3K1,Surrey
V4M 4C2,Delta
V7V 1J3,West Vancouver
V7A 1N6,Richmond
V7C 5V2,Richmond
V3M 5X2,New Westminster
V5Y 1R4,Vancouver
V7P 0A8,North Vancouver
V3N 1A7,Burnaby
V1Y 0B5,Kelowna
V9N 9E5,Courtenay
V3T 0K7,N/A
 BC V6C,N/A
V8M 1R1,Central Saanich
V0R 1K1,North Cowichan
V0R 1L0,Cowichan Valley C
V9B 3Y6,Langford
V9T 4T7,Nanaimo
V8W 2C2,Victoria
V9L 0B9,North Cowichan
V8N 0A4,Saanich
V8R 1K4,Victoria
V0N 2M1,Capital G
V9P 2G7,Parksville
 BC V9K,N/A
 BC V9P,N/A
V0H 1H0,Grand Forks
V0R 2G0,Lake Cowichan
V0J 3A0,Vanderhoof
V0J 1P0,Fort St. James
V1L 5R2,Nelson
V0B 1E0,Central Kootenay A
 BC V0G,N/A
V1C 1A5,Cranbrook
V0B 1H0,Elkford
V0B 1M0,Fernie
V1C 1A5,Cranbrook
V2L 2K7,Prince George
V2K 2H7,Prince George
V9L 2P2,Cowichan
V9L 1T7,Duncan
V8Z 3K3,Saanich
V0R 2P0,Cowichan Valley A
 BC V8K,N/A
V0R 2W0,Lake Cowichan
V9G 1T9,Ladysmith
V9X 1H9,Nanaimo A
V3L 3B9,New Westminster
V8T 4N3,Victoria
V3R 7Z1,Surrey
V0B 1G0,Creston
V2J 2M1,Quesnel
V0K 1K0,Clinton
V5T 3G4,Vancouver
V2G 2A5,Williams Lake
V0K 2E0,One Hundred Mile House
V2G 2A5,Williams Lake
V5C 2K4,Burnaby
V2C 2E3,Kamloops
V2B 0E5,Kamloops
V0E 2S0,Revelstoke
V2P 1N8,Chilliwack
V2R 0M5,Chilliwack
V2R 3S9,Chilliwack
V0X 1L0,Hope
V2R 5E4,Chilliwack
V2Y 1M9,Langley
V3X 2X6,N/A
V2Y 1M9,Langley
V4W 2B5,Langley
V4W 3R3,Langley
V3A 3N5,Langley
V4X 2M9,Abbotsford
V2S 3X7,Abbotsford
V4W 2B5,Langley
V7C 1C6,Richmond
V9Z 0A1,Sooke
V9B 5E3,Langford
V9A 2P8,View Royal
V8R 5G4,Oak Bay
V8W 3M9,Victoria
V9A 6X5,Victoria
V9T 6J6,Nanaimo
V9L 6X2,North Cowichan
V9L 6X2,North Cowichan
V3Y 2W1,Pitt Meadows
V9A 7C9,Saanich
V3B 1C5,Coquitlam
V3S 8E7,Surrey
V6Z 2V4,Vancouver
V3T 0K7,N/A
V5H 4P1,Burnaby
V0A 1H0,Golden
V0A 1K0,Invermere
V0A 1M0,Radium Hot Springs
V1R 4B8,Trail
V1N 2P2,Castlegar
V0J 1Z0,Houston
V2T 0C5,Abbotsford
V2T 3S3,Abbotsford
V2S 2C7,Abbotsford
V2V 6M7,Mission
V3B 6S2,Coquitlam
V2X 2P6,Maple Ridge
V4T 2Z1,West Kelowna
V3W 5A5,Surrey
V8C 2G3,Kitimat
V2M 3R8,Prince George
V1R 4T1,Trail
V1R 4B8,Trail
V0G 1L0,Fruitvale
V1N 2P2,Castlegar
V0G 1Z0,Salmo
V0G 2G0,Central Kootenay F
V0G 1R0,Nakusp
V0G 1S0,Silverton
V1R 4N7,Trail
V0G 1M0,Kaslo
V2S 2G5,Abbotsford
V2T 1W3,Abbotsford
V2A 5C4,Penticton
V1W 3S9,Kelowna
V1T 9H2,Vernon
V1Y 6G8,Kelowna
V2T 1W3,Abbotsford
V3T 1W6,Surrey
V2S 2C9,Abbotsford
V2V 7B8,Mission
V2P 2C9,Chilliwack
V0M 1A0,Kent
V3R 3P4,Surrey
V2T 4M5,Abbotsford
V2R 4E8,Chilliwack
V2T 1W3,Abbotsford
V5T 3G4,Vancouver
V1K 1B8,Merritt
V0K 1A0,Ashcroft
V0K 1V0,Lillooet
V5N 4B5,Vancouver
V2Y 2X4,Langley
V2Y 2X4,Langley
V2Y 2X4,Langley
V2Y 2X4,Langley
V2Y 2X4,Langley
V5W 2Z6,Vancouver
V3W 3N6,Surrey
V2T 3Y3,Abbotsford
V3W 1A3,Surrey
V8X 1R1,Saanich
V3W 4E9,Surrey
V3W 3N6,Surrey
V2L 5B5,Prince George
V2M 3B7,Prince George
V2N 0B1,Prince George
V0J 1P0,Fort St. James
V0J 3A0,Vanderhoof
V2J 2M1,Quesnel
V0K 1K0,Clinton
V2L 5B5,Prince George
V6A 4G2,Vancouver
V6A 4G2,Vancouver
A1C 1B7,St. John's
V6J 4S7,Vancouver
V6J 4S7,Vancouver
V6J 4S7,Vancouver
V6J 4S7,Vancouver
V6J 4S7,Vancouver
V6J 4S7,Vancouver
V6J 4S7,Vancouver
V6J 4S7,Vancouver
V6J 4S7,Vancouver
V6E 4T6,Vancouver
V6E 4T6,Vancouver
V6E 4T6,Vancouver
V6E 4T6,Vancouver
V6E 4T6,Vancouver
V6E 4T6,Vancouver
V6E 4T6,Vancouver
V6E 4T6,Vancouver
V6E 4T6,Vancouver
V6E 4T6,Vancouver
V6J 4S7,Vancouver
V6E 4T6,Vancouver
V6J 4S7,Vancouver
V6J 4S7,Vancouver
V6J 4S7,Vancouver
V6J 4S7,Vancouver
V6J 4S7,Vancouver
V6J 4S7,Vancouver
V6J 4S7,Vancouver
V6J 4S7,Vancouver
V6J 4S7,Vancouver
V6J 4S7,Vancouver
V6J 4S7,Vancouver
V6J 4S7,Vancouver
V6J 4S7,Vancouver
V6J 4S7,Vancouver
V6J 4A7,Vancouver
V6J 4S7,Vancouver
V6J 4S7,Vancouver
V6J 4S7,Vancouver
V6J 4S7,Vancouver
V6J 4S7,Vancouver
V6J 4S7,Vancouver
V6J 4S7,Vancouver
V6J 4S7,Vancouver
V6J 4S7,Vancouver
V6J 4S7,Vancouver
V6J 4S7,Vancouver
V6J 4S7,Vancouver
V6J 4S7,Vancouver
V6J 4S7,Vancouver
V6J 4S7,Vancouver
V6J 4S7,Vancouver
V6J 4S7,Vancouver
V6J 4S7,Vancouver
V6J 4S7,Vancouver
V6J 4S7,Vancouver
V6J 4S7,Vancouver
V6J 4S7,Vancouver
V6J 4S7,Vancouver
V6J 4S7,Vancouver
V6J 4S7,Vancouver
V6J 4S7,Vancouver
V6J 4S7,Vancouver
V6J 4S7,Vancouver
V6J 4S7,Vancouver
V6J 4S7,Vancouver
V6J 4S7,Vancouver
V6J 4S7,Vancouver
V6J 4S7,Vancouver
V6J 4S7,Vancouver
V6E 4T6,Vancouver
K1Z 0B9,N/A
P7E 5R7,Thunder Bay
P5N 1S9,Kapuskasing
M5B 2H1,Toronto
L8V 1M1,Hamilton
L9A 2S6,Hamilton
L8P 2Y9,Hamilton
M5H 2N2,Toronto
K9J 7S4,Peterborough
M5B 1J3,Toronto
P7B 6M4,Thunder Bay
M5M 4A3,Toronto
N4S 1H2,Woodstock
L9M 1R3,Tiny
L8V 4L7,Hamilton
L8P 4B4,Hamilton
N8T 1C5,Windsor
N0C 1B0,Melancthon
M8V 1K5,Toronto
N8M 2C7,Essex
L1Z 0K5,Ajax
N7T 7H9,Sarnia
L8H 2V9,Hamilton
P9N 3X8,Kenora
L1J 2J9,Oshawa
L8N 3J4,Hamilton
L8M 1A3,Hamilton
M8Z 5X8,Toronto
L9S 1L6,Innisfil
M4L 1A6,Toronto
N1A 1G2,Haldimand County
L1A 2Y8,Port Hope
P3Y 1M8,Greater Sudbury / Grand Sudbury
N6A 1B1,London
M6R 2L7,Toronto
N5W 5Y4,London
P0T 1W0,Oliver Paipoonge
P7A 4S5,Thunder Bay
P7B 3B8,Thunder Bay
L2R 4L4,St. Catharines
M2H 3P8,Toronto
N9A 6W5,Windsor
L0G 1W0,King
P8N 2Z5,Dryden
L0N 1S0,Shelburne
N9A 6W5,Windsor
N2P 2N4,Kitchener
M9N 3V3,Toronto
N4S 1B9,Woodstock
N6B 1V5,London
K7L 1C9,Kingston
L8N 1C6,Hamilton
L2V 0A7,Thorold
P6A 1W7,Sault Ste. Marie
K2A 0E7,Ottawa
L2J 1H2,Niagara Falls
N6A 4G1,London
M5E 1A4,Toronto
N6A 5W9,London
M9W 5Y5,Toronto
L2R 6Z4,St. Catharines
P0T 2E0,Marathon
M6G 1M2,Toronto
L4W 2P7,Mississauga
K6H 2W8,Cornwall
L4T 1A5,Mississauga
M6S 1P1,Toronto
P0T 2S0,Schreiber
M6R 1B5,Toronto
P7E 1E3,Thunder Bay
K1S 1V9,Ottawa
N8H 3B5,Leamington
K2G 6E8,Ottawa
M2M 3V9,Toronto
N6A 5P9,London
L2A 2S7,Fort Erie
N2G 4J6,Kitchener
P9N 2S8,Kenora
L7R 3Y7,Burlington
K7A 2B2,Smiths Falls
L3B 3X1,Welland
M8V 2B8,Toronto
L2V 3Y7,Thorold
P0M 1N0,Greater Sudbury / Grand Sudbury
L2R 6P9,Niagara-on-the-Lake
K2P 2S7,N/A
P7A 4P8,Thunder Bay
M9B 6G8,Toronto
M5E 1E5,Toronto
L1H 1C7,Oshawa
K9J 6Y5,Peterborough
N0G 1R0,West Grey
K6V 5W5,Brockville
N3S 3N3,Brantford
M1V 4Z9,N/A
P2A 1Y2,Parry Sound
M6S 1N9,Toronto
N0G 2W0,Morris-Turnberry
N0M 1L0,Bluewater
K8V 5R5,Quinte West
K7A 5L4,Smiths Falls
N8Y 2N9,Windsor
K8N 5B5,Belleville
L3B 5V6,Welland
N7M 3G1,Chatham-Kent
N5P 1C4,St. Thomas
N8A 1R7,Chatham-Kent
M8X 1C1,Toronto
L2M 7X3,St. Catharines
N6A 4P9,London
M3M 1J8,Toronto
N5R 3R6,St. Thomas
M8W 3V7,Toronto
N5P 3V9,St. Thomas
N7M 3G8,Chatham-Kent
M4K 2R6,Toronto
M6R 1B5,Toronto
L4W 4X7,Mississauga
P9N 1G5,Kenora
L6J 5A8,Oakville
K0E 1P0,Edwardsburgh/Cardinal
N3W 2G6,Haldimand County
N9B 1T7,Windsor
M5V 3K2,Toronto
K8P 3Z4,Belleville
M9N 3V3,Toronto
L8M 1L6,Hamilton
M4X 1L6,N/A
N0P 2K0,Chatham-Kent
K2P 2J6,Ottawa
N1R 3B2,Cambridge
K1Y 4E9,Ottawa
(Sub to,N/A
L5R 4B8,Mississauga
K6J 1G8,Cornwall
K0J 1P0,Laurentian Hills
M9C 5A3,Toronto
P7E 2V6,Thunder Bay
N7G 2P1,Strathroy-Caradoc
K6V 5W8,Brockville
K9J 5R2,Peterborough
M8W 3V7,Toronto
K7L 1W8,Kingston
L9T 1N3,Milton
P6A 5N9,Sault Ste. Marie
M2G 1G3,N/A
N3R 2H6,Brantford
M4P 1K1,Toronto
L7L 0B7,N/A
N1H 6P6,Guelph
M3C 1T9,Toronto
P5E 1S4,Sables-Spanish Rivers
K7P 2S7,Kingston
P0M 1M0,St.-Charles
K9J 3Z3,Peterborough
N0K 1N0,Perth South
N3T 5W7,Brantford
L3Y 2P9,Newmarket
L5T 2P7,Mississauga
M9A 5G1,Toronto
K1S 1V9,Ottawa
K4A 4X4,Ottawa
N8W 5T1,Windsor
K6J 1G8,Cornwall
N2G 3R1,Kitchener
M4C 1J6,Toronto
M1P 2T7,Toronto
M9P 1A6,Toronto
P4N 2G8,Timmins
M9V 4K6,Toronto
L9C 5R9,Hamilton
L1S 1P5,Ajax
L5K 1B2,Mississauga
N6P 1B1,London
L4M 2V1,Barrie
M2N 6E8,Toronto
N2C 2S9,Kitchener
M3C 1W1,Toronto
M6G 1L5,Toronto
M3M 3G2,Toronto
L3R 1K9,Markham
P7B 3B4,Thunder Bay
K2P 1X5,Ottawa
L8M 1A3,Hamilton
P3B 3L7,Greater Sudbury / Grand Sudbury
N8X 4G2,Windsor
N7S 1W7,Sarnia
N8W 3Y2,Windsor
K0M 2C0,Kawartha Lakes
L4K 4L7,Vaughan
P9N 1G5,Kenora
L8S 1L3,Hamilton
K1S 1V9,Ottawa
M6B 3S8,Toronto
N7S 1P6,Sarnia
M4Y 2G1,Toronto
M2N 5P9,Toronto
M4Y 3B3,Toronto
V6J 4S7,Vancouver
L4W 4X7,Mississauga
N1G 5L3,Guelph
L0G 1V0,Whitchurch-Stouffville
L4W 4X7,Mississauga
L4W 4X7,Mississauga
L4W 4X7,Mississauga
L4W 4X7,Mississauga
L4W 4X7,Mississauga
L4W 4X7,Mississauga
K1R 5B2,Ottawa
L4W 4X7,Mississauga
L4W 4X7,Mississauga
L4W 4X7,Mississauga
L4W 4X7,Mississauga
L4W 4X7,Mississauga
L4W 4X7,Mississauga
L4W 4X7,Mississauga
L4W 4X7,Mississauga
L4W 4X7,Mississauga
L4W 4X7,Mississauga
L4W 4X7,Mississauga
L7R 4C2,Burlington
L7R 4C2,Burlington
L7R 4C2,Burlington
L7R 4C2,Burlington
L7R 4C2,Burlington
L7R 4C2,Burlington
L4W 4X7,Mississauga
L4W 4X7,Mississauga
L4W 4X7,Mississauga
L4W 4X7,Mississauga
L4W 4X7,Mississauga
L4W 4X7,Mississauga
"uga, ON",N/A
L4W 4X7,Mississauga
L4W 4X7,Mississauga
L4W 4X7,Mississauga
L4W 4X7,Mississauga
"ssauga,",N/A
L4W 4X7,Mississauga
L4W 4X7,Mississauga
L4W 4X7,Mississauga
L4W 4X7,Mississauga
L7R 2J6,Burlington
L5N 2V8,Mississauga
L7R 3Y7,Burlington
L6K 3B5,Oakville
L7R 3Y7,Burlington
L9H 1T8,Hamilton
L2A 1N8,Fort Erie
N7T 5N9,Sarnia
N0N 1B0,St. Clair
N0N 1G0,St. Clair
N0P 2B0,Chatham-Kent
N7A 3Y5,Goderich
P0M 1Z0,Hornepayne
P6C 2K7,Sault Ste. Marie
P6A 6Y9,Sault Ste. Marie
P0S 1K0,Wawa
N0R 1V0,Kingsville
N8M 2C6,Essex
N7A 3K4,Goderich
N0J 1P0,Norfolk County
N5C 2T4,Ingersoll
N4S 1H2,Woodstock
K1S 1V9,Ottawa
N5H 2B6,Aylmer
K1S 1V9,Ottawa
L2G 5V6,Niagara Falls
N8T 1E8,Windsor
K6J 1G8,Cornwall
N8Y 3G4,Windsor
N0N 1G0,St. Clair
N7S 1W7,Sarnia
N0N 1T0,St. Clair
K6J 1G8,Cornwall
K6H 7C4,Cornwall
L7N 2R4,Burlington
P3E 2K8,Greater Sudbury / Grand Sudbury
P1B 1B7,North Bay
P5A 1N7,Elliot Lake
P3E 3L8,Greater Sudbury / Grand Sudbury
P3A 3V3,Greater Sudbury / Grand Sudbury
P0M 2C0,Greater Sudbury / Grand Sudbury
L3R 9Z7,Markham
N5W 5V7,London
L8M 1C6,Hamilton
L9K 1S4,Hamilton
K8V 5R1,Quinte West
N5C 4A6,Ingersoll
L8H 2J8,Hamilton
L9T 1N3,Milton
L8P 2Y9,Hamilton
L9A 5E9,Hamilton
L8P 2Y9,Hamilton
K0J 1B0,Hastings Highlands
K8A 7T1,Pembroke
L8N 3G3,Hamilton
K8A 6L1,Pembroke
K0J 1T0,"Brudenell, Lyndoch and Raglan"
K7S 3H6,Arnprior
L8S 1G5,Hamilton
N3R 5J8,Brantford
L8G 5G3,Hamilton
P3E 3B5,Greater Sudbury / Grand Sudbury
P0M 1H0,Greater Sudbury / Grand Sudbury
P3E 5H5,Greater Sudbury / Grand Sudbury
P3L 1S7,N/A
P0M 1M0,St.-Charles
N9A 4M6,Windsor
N8Y 2N9,Windsor
N8W 3Y2,Windsor
N1B 1J6,N/A
M5M 4A3,Toronto
K6J 1G8,Cornwall
P3E 3L8,Greater Sudbury / Grand Sudbury
K7M 7E6,Kingston
K7K 6X4,Kingston
N0G 1L0,Minto
N0G 1S0,Brockton
L2H 2Y6,Niagara Falls
L9A 4X5,Hamilton
L9G 2B7,Hamilton
L2M 3W2,St. Catharines
L2R 6P9,Niagara-on-the-Lake
L6M 1L9,N/A
L6M 0L8,Oakville
L2H 3A1,Niagara Falls
L2V 4K8,Thorold
P3A 1Y7,Greater Sudbury / Grand Sudbury
P4N 4V7,Timmins
P6A 5N9,Sault Ste. Marie
P0M 1K0,Duck Lake 76B
K8H 1X9,Petawawa
P0R 1L0,Hilton
L8V 3L8,Hamilton
L8P 2Y9,Hamilton
N0G 2W0,Morris-Turnberry
N5X 3Y2,London
N2E 3Z3,Kitchener
N6A 5P9,London
N2L 6H6,Waterloo
N6P 0B3,London
N2G 1A7,Kitchener
P0P 1K0,Northeastern Manitoulin and the Islands
P0P 1S0,Central Manitoulin
N5P 1G4,St. Thomas
N6A 1M6,London
N7G 1X7,Strathroy-Caradoc
N5W 3G1,London
N0M 1B0,Lambton Shores
N7S 3Y1,Sarnia
N5A 5T6,Stratford
N0P 1A0,Chatham-Kent
N0M 2S0,Brooke-Alvinston
N2K 3T6,Waterloo
N6E 3R5,London
L2R 6P9,Niagara-on-the-Lake
L2N 4N7,St. Catharines
L2R 6Z4,St. Catharines
L2V 4K8,Thorold
L2T 4E6,St. Catharines
L2M 6P5,N/A
L3B 5X9,Welland
L0S 1E0,Pelham
L9S 2M5,Innisfil
L4N 0Z3,Barrie
P0X 1N0,Sioux Narrows-Nestor Falls
P0V 1T0,Ear Falls
P0X 1K0,Sioux Narrows-Nestor Falls
P0V 1C0,Red Lake
K6V 0B4,Brockville
"kville,",N/A
P0R 1J0,Jocelyn
N6A 5P9,London
N0A 1E0,Wainfleet
L3C 1M3,Welland
L8V 3L8,Hamilton
L8L 3C3,Hamilton
L8R 2K4,N/A
L7M 0Y9,N/A
N3Y 4M5,Norfolk County
L8V 1M1,Hamilton
L8P 4W3,Hamilton
L8G 1C1,Hamilton
L6S 0C1,Brampton
L8M 1A3,Hamilton
N4W 3K9,North Perth
N0M 1S3,South Huron
N0K 1M0,Wellesley
N2R 1S6,Kitchener
N3B 1L6,Woolwich
N0G 2L0,Minto
N2G 3R1,Kitchener
N2R 1S6,Kitchener
K7N 1A6,Loyalist
L3C 5Y6,Welland
L8E 5Z2,Hamilton
L8V 2V8,Hamilton
L6J 5A8,Oakville
N2R 1S6,Kitchener
N8H 3C1,Leamington
N2J 2J7,Waterloo
N3A 1R1,Wilmot
P9A 1Z2,Fort Frances
K9A 2P8,Cobourg
L1A 2Y8,Port Hope
L1A 2Y8,Port Hope
N0R 1A0,Kingsville
N0R 1G0,Kingsville
N9V 3K8,Amherstburg
K7L 5G2,Kingston
K7R 3S4,Greater Napanee
K6V 6B2,Brockville
K6V 2L2,Brockville
K7L 3S4,Kingston
L6W 0B9,N/A
L1R 2G6,Whitby
L3Y 8C9,Newmarket
M5G 2J3,Toronto
L7M 0W9,N/A
K7L 5H6,Kingston
M5S 3A9,Toronto
M1P 5J1,Toronto
(Sub to,N/A
M5B 2K3,Toronto
M9W 5Y5,Toronto
M8V 1J8,Toronto
M4C 1H7,Toronto
C4 (Sub,N/A
M8V 1K5,Toronto
P2N 3L1,Kirkland Lake
P0J 1H0,Brethour
N6A 1N6,London
P6A 5N9,Sault Ste. Marie
K0M 2A0,Galway-Cavendish and Harvey
L2R 6Z4,St. Catharines
N4G 4H5,Tillsonburg
N5H 1H3,Aylmer
L2R 6Z4,St. Catharines
N6A 1M1,London
N9Y 1A2,Kingsville
N9V 0C7,Amherstburg
N8H 3C5,Leamington
N8N 2L9,Windsor
N8W 1G4,Windsor
N8S 3N1,Windsor
N9E 1S3,Windsor
K0K 2C0,Quinte West
L4A 8A1,Whitchurch-Stouffville
L9P 1P5,Uxbridge
M2J 4V8,Toronto
N0M 2K0,Lambton Shores
N7G 1Y4,Strathroy-Caradoc
K1V 9V9,Ottawa
N7M 2K5,Chatham-Kent
L9B 1K3,Hamilton
L8P 4R5,Hamilton
L8V 3L8,Hamilton
L8R 1A2,Hamilton
L2R 6Z4,St. Catharines
L3B 3X1,Welland
M6J 1X4,Toronto
M6G 1B5,Toronto
L4L 2C7,Vaughan
M6B 3S8,Toronto
M9B 1B2,Toronto
M6B 3S8,Toronto
M6E 1B7,Toronto
M9B 1B2,Toronto
L8P 2Y9,Hamilton
L4G 1M6,Aurora
L3R 4X9,Markham
N3Y 2X3,Norfolk County
L9B 1B7,Hamilton
P0W 1L0,Dawson
P8N 2Z5,Dryden
P0V 2V0,Machin
P0T 1T0,Ignace
P8T 1A5,Sioux Lookout
N9H 1S4,LaSalle
N9A 7B4,Windsor
N8X 4G2,Windsor
N9B 1K3,Windsor
N8X 4G2,Windsor
L9T 0K4,Milton
L9T 1N3,Milton
L6K 3W4,Oakville
L7G 4A1,Halton Hills
L7J 1R2,Halton Hills
L7N 2G3,Burlington
L9T 1N3,Milton
K9J 6Y5,Peterborough
K9J 6Y5,Peterborough
K9J 6Y5,Peterborough
K9J 6Y5,Peterborough
K9J 6Y5,Peterborough
(Sub to,N/A
L5M 1K7,Mississauga
(Sub to,N/A
M3K 1Y5,Toronto
N0K 1Y0,West Perth
N0K 1N0,Perth South
N5A 6W6,Stratford
L5R 4B8,Mississauga
L4K 4L7,Vaughan
L8S 1L3,Hamilton
N0A 1A0,N/A
N0A 1H0,Haldimand County
N0A 1E0,Wainfleet
P7E 3Y8,Thunder Bay
P7B 1J3,Thunder Bay
P7B 1J9,Thunder Bay
P7E 6H8,Thunder Bay
P7C 5N9,Thunder Bay
P0T 2P0,Red Rock
N2L 6R6,Waterloo
P0X 1C0,Kenora
P7B 5Z8,Thunder Bay
P7A 1V2,Thunder Bay
N0M 1A0,Lambton Shores
N0L 1W0,Strathroy-Caradoc
L8E 3N6,Hamilton
(Sub to,N/A
L4W 4X7,Mississauga
L4W 4X7,Mississauga
L4W 4X7,Mississauga
M3B 3K3,N/A
L4W 4X7,Mississauga
L4W 4X7,Mississauga
L4W 4X7,Mississauga
R0G 0V0,Rhineland
R0E 1J0,Springfield
R0G 0A2,Macdonald
R0J 1V0,Rossburn
R0J 1A0,McCreary
R0L 1R0,"Division No. 19, Unorganized"
R0M 0X0,Cameron
R0L 1S0,Alonsa
R3C 2G1,Winnipeg
R3C 2G1,Winnipeg
R0C 3B0,Woodlands
R2H 0T8,Winnipeg
R0J 1P0,Westbourne
R7A 0L6,Brandon
R8A 1J6,Flin Flon
R2C 0R1,Winnipeg
R0C 3G0,Stonewall
R2H 0T8,Winnipeg
R3C 0R9,Winnipeg
R2P 1S7,Winnipeg
R0E 1L0,Pinawa
R3Y 1X2,Winnipeg
R2M 3S8,Winnipeg
R9A 1L3,The Pas
R2P 1S7,Winnipeg
R3P 1E9,Winnipeg
R2M 3V6,Winnipeg
R8N 0M2,Thompson
R3C 0X3,Winnipeg
R0C 1B0,Gimli
R7A 4E8,Brandon
R7A 5B5,Brandon
R2C 3B3,Winnipeg
R3C 2G1,Winnipeg
R0E 0K0,Taché
R0C 3B0,Woodlands
R0G 1W0,Morris
R6W 4B1,Winkler
R0K 0E0,Killarney - Turtle Mountain
R0K 2C0,Glenwood
R2M 3V6,Winnipeg
R0L 0X0,Gilbert Plains
R0L 2G0,Winnipegosis
R0H 0B0,Sandy Bay 5
R3C 2G1,Winnipeg
R3K 0W4,Winnipeg
R2K 2J6,Winnipeg
R0M 0Z0,Woodworth
R0E 1J0,Springfield
R0M 0M0,Winchester
R0C 0W0,Eriksdale
R3T 4Z7,Winnipeg
R0J 1W0,Silver Creek
R0K 1R0,Killarney - Turtle Mountain
"peg, MB",N/A
R1N 1W6,Portage la Prairie
R1A 1S1,Selkirk
R3W 0B9,Winnipeg
R4G 0B2,Macdonald
R1A 4M2,Selkirk
R2C 2Y6,Winnipeg
R7N 2V2,Dauphin
R6M 1T6,Morden
R0L 0Y0,Hillsburg
R0G 1A0,Pembina
R0G 2V0,South Norfolk
R0M 2C0,Virden
R0K 0L0,Roblin
R3K 2C9,Winnipeg
R3M 2A4,Winnipeg
R3M 2L8,Winnipeg
R0J 0V0,Glenella
R0J 0T0,Westbourne
R3A 1P9,Winnipeg
R0M 1P0,Sifton
R2V 3P4,Winnipeg
R2V 4W3,Winnipeg
R3B 2Z5,Winnipeg
R2C 3B4,Winnipeg
R2V 4Y1,Winnipeg
R2W 4X3,Winnipeg
R3B 2H6,Winnipeg
R0L 1Z0,Minitonas
R6W 0L7,N/A
HAMIOTA,N/A
"peg, MB",N/A
R0G 1H0,Thompson
R2V 3C8,Winnipeg
R2H 0G9,Winnipeg
R2W 3P4,Winnipeg
R0G 0S0,Ritchot
R0A 0X0,Hanover
R0G 2J0,Macdonald
R7A 0B9,Brandon
R2R 2E2,Winnipeg
R0A 0L0,Franklin
R3K 0W5,Winnipeg
R0M 1X0,Pipestone
R0M 1M0,Miniota
R2G 1M5,Winnipeg
R7N 2V6,Dauphin
R2V 3J7,Winnipeg
R0A 1E0,Hanover
R0G 1E0,Roland
R0L 1P0,Shellmouth-Boulton
R0J 1H0,Lansdowne
R0J 1E0,Odanah
R0M 0T0,Hamiota
R2W 3P4,Winnipeg
R0J 1X0,Strathclair
R3C 2G9,Winnipeg
R0K 1X0,Daly
R0M 0C0,Birtle
R0M 1L0,Arthur
R7A 0P8,Brandon
R2J 4A9,Winnipeg
R0E 1J0,Springfield
R0M 0T0,Hamiota
R0B 0L0,Gillam
R3C 0J8,Winnipeg
R0E 1M0,Alexander
 Branch,N/A
R7A 0B9,Brandon
R3C 3R1,Winnipeg
R1A 1S1,Selkirk
R2M 5R7,Winnipeg
R2M 1Z8,Winnipeg
R5G 1V7,Steinbach
R3C 1M4,Winnipeg
R0J 2C0,Strathclair
R0L 0T0,Gilbert Plains
R0J 0X0,Shellmouth-Boulton
R0G 0S0,Ritchot
R1A 2P3,Selkirk
R3G 3J7,Winnipeg
R0C 2E0,Grahamdale
R0A 1E0,Hanover
R1N 3B9,Portage la Prairie
R3C 2G1,Winnipeg
R3T 2H5,Winnipeg
R0M 2E0,Waskada
R3T 5L3,Winnipeg
R3B 2Z5,Winnipeg
R2C 3A8,Winnipeg
R0E 2G0,Reynolds
R1A 1S1,Selkirk
R0J 0G0,Ellice
R0C 3E0,Woodlands
R1N 1T9,Portage la Prairie
R2H 0T8,Winnipeg
R0C 2Z0,Dunnottar
R0C 1B0,Gimli
R0E 1A0,Lac du Bonnet
R0G 1G0,Pembina
R0A 1Z0,"Division No.  1, Unorganized"
R0J 1L0,Shoal Lake
R0C 1P0,Armstrong
R2V 1L8,Winnipeg
R0A 0H0,Franklin
R0M 0T0,Hamiota
R7B 0N2,Brandon
R0H 0R0,North Norfolk
R3P 1E9,Winnipeg
R3C 2G1,Winnipeg
R0C 0Z0,Fisher
R7A 4E8,Brandon
R3C 3Z8,Winnipeg
R2V 1L8,Winnipeg
R0K 1T0,Blanshard
R7B 4H7,N/A
R3T 5L3,Winnipeg
R3G 0E2,Winnipeg
R5G 1B1,Steinbach
R0J 0P0,Rolling River 67
R3J 0Z8,Winnipeg
R3C 2G1,Winnipeg
R3M 3Y7,Winnipeg
R3J 0P4,Winnipeg
R0C 2R0,Bifrost
R2P 1W1,Winnipeg
R3G 0T2,Winnipeg
R3G 0T2,Winnipeg
R7A 2X1,Brandon
R0J 1Z0,Shoal Lake
R0J 1V0,Rossburn
R3V 3M5,N/A
R3T 5P3,Winnipeg
R2M 3W5,Winnipeg
R7A 5C3,Brandon
R3K 0W9,Winnipeg
R7A 0B9,Brandon
R0A 0R0,De Salaberry
R0G 1R0,Rhineland
R0C 0A0,Armstrong
R0K 0P0,Victoria
R2G 1M8,Winnipeg
R3T 2H5,Winnipeg
R0A 2K0,Stuartburn
R3T 5P3,Winnipeg
R0J 2C0,Strathclair
R0K 1G0,Killarney - Turtle Mountain
R0K 0X0,South Cypress
R3R 0H3,Winnipeg
R0K 0B0,Argyle
R0G 0X0,Victoria
R0M 1Y0,Ellice
R0H 0Y0,Portage la Prairie
R3M 3Y7,Winnipeg
R2E 1H3,St. Clements
R2M 3K3,Winnipeg
R0E 0C0,Beausejour
R0C 2Z0,Dunnottar
R0H 0C0,North Cypress
R0G 2P0,Macdonald
R4H 1E1,Headingley
R0G 0J0,Thompson
R0G 1P0,Louise
R3G 3J7,Winnipeg
R0G 1K0,Montcalm
R0G 0B0,Rhineland
R0K 0H0,North Cypress
R6W 1H8,Winkler
R2C 2Y6,Winnipeg
R2C 0P8,Winnipeg
R3C 2G1,Winnipeg
R2W 2L8,Winnipeg
R0E 0C0,Beausejour
R2G 2T7,Winnipeg
R0C 0E0,Siglunes
R2C 2P9,Winnipeg
R2N 0A2,Winnipeg
R3C 2G1,Winnipeg
R2V 3C5,Winnipeg
R0G 0B0,Rhineland
B0W 1M0,Clare
B0W 2M0,Argyle
B0N 2A0,West Hants
B0P 1V0,"Kings, Subd. A"
B0W 2W0,Argyle
B0P 1V0,"Kings, Subd. A"
B4H 4B8,Amherst
E1C 2T6,Moncton
A0N 1J0,"Division No.  4, Subd. A"
A0P 1C0,Happy Valley-Goose Bay
C1N 1C1,Summerside
B0E 2W0,"Inverness, Subd. B"
B3K 2R6,Halifax
B0J 3B0,Halifax
B0P 1V0,"Kings, Subd. A"
B2Y 3S5,Halifax
B3K 2R7,Halifax
A1E 1W6,St. John's
A0G 1Z0,Savage Cove-Sandy Cove
C0A 1S0,Lot 40
B1N 1K4,Cape Breton
B2A 3S1,Cape Breton
B0W 1M0,Clare
B0N 2T0,West Hants
B0E 1X0,"Inverness, Subd. B"
E1B 5R6,Riverview
A8A 1C9,Deer Lake
A0K 4S0,St. Anthony
C0B 1V0,Lot  6
B1P 5K9,Cape Breton
B3J 3N6,Halifax
B0N 2P0,Halifax
B3L 4W8,Halifax
B2S 2L1,East Hants
B3J 1H6,Halifax
A0K 3L0,L'Anse au Loup
C1A 7L3,Charlottetown
C0A 1R0,Murray River
B3L 4W8,Halifax
B3K 1T8,Halifax
B5A 4B4,Yarmouth
B0N 2P0,Halifax
B0J 2M0,Chester
B0E 3B0,"Richmond, Subd. A"
A0G 1N0,"Division No.  8, Subd. L"
A0G 4M0,"Division No.  8, Subd. I"
C0B 1M0,Lot 67
B1E 1J9,Cape Breton
B0E 1L0,"Inverness, Subd. A"
B0E 1V0,Canso
B0W 3P0,Argyle
B9A 2B6,Port Hawkesbury
B0S 1P0,"Annapolis, Subd. D"
C0B 1M0,Lot 67
C0B 2B0,Lot 14
B1A 4W3,Cape Breton
B0E 1K0,"Richmond, Subd. C"
B2V 2T6,Halifax
B2Y 1C9,Halifax
B3K 5N3,Halifax
A1B 1C4,St. John's
A0N 1J0,"Division No.  4, Subd. A"
A1N 2C2,Mount Pearl
B1H 1Z6,Cape Breton
B0E 1Y0,"Inverness, Subd. A"
B2Y 1C9,Halifax
B0C 1R0,"Victoria, Subd. A"
B0P 1P0,"Kings, Subd. D"
B3B 2B4,Halifax
B4V 2V7,Bridgewater
B4H 4B8,Amherst
B2H 4V3,New Glasgow
B1V 2B7,Cape Breton
A2H 2G7,Corner Brook
C0B 2E0,Lot 17
C0A 1X0,Lot 24
B2G 2C1,Antigonish
B0E 1H0,"Inverness, Subd. A"
B0E 2L0,"Antigonish, Subd. B"
B0H 1P0,"Antigonish, Subd. B"
B0S 1C0,"Annapolis, Subd. A"
B0W 1M0,Clare
B0W 2Z0,Clare
B4A 4E9,Halifax
B1P 6K3,N/A
B1A 4X8,Cape Breton
B2Y 1C9,Halifax
A0E 2M0,"Division No.  2, Subd. D"
A1B 3X2,St. John's
A1N 0A5,Mount Pearl
B3K 5N3,Halifax
C1A 7M4,Charlottetown
B0E 1N0,"Inverness, Subd. B"
B2Y 1C9,Halifax
B0W 3M0,Argyle
B3K 5M1,Halifax
B2N 5A6,Truro
C0A 2B0,Lot 56
S0M 1X0,Meota No. 468
S0G 0H0,Dufferin No. 190
S4P 3W7,Regina
S0A 4A0,Preeceville No. 334
S0M 0N0,Hillsdale No. 440
S0L 0S0,Eye Hill No. 382
S4A 2A6,Estevan
S0G 2B0,Wolseley No. 155
S0N 1A0,Webb No. 138
S0H 2K0,Wood River No. 74
S0A 2H0,Hazel Dell No. 335
S0M 1P0,Manitou Lake No. 442
S0M 1V0,N/A
S0A 3L0,Rocanville No. 151
S0K 2Z0,Spalding No. 368
S0M 2K0,Beaver River No. 622
S0N 1H0,Happyland No. 231
S7H 0T8,Saskatoon
S0N 2E0,Richmound
S0M 2T0,Frenchman Butte No. 501
S0N 2M0,Grassy Creek No. 78
S4P 4M1,Regina
S0J 2M0,Spiritwood
S0G 4Y0,Francis No. 127
S0M 1M0,Maidstone
S3N 2X3,Orkney No. 244
S0J 1H0,Flett's Springs No. 429
S4N 5X2,Regina
S0K 0G0,St. Peter No. 369
S0K 2T0,Corman Park No. 344
S0E 1A0,Melfort
S0H 0C0,Avonlea
S0E 0A0,Connaught No. 457
S0H 0B0,Assiniboia
S0J 0A0,Albertville
S0N 1Z0,Auvergne No. 76
S0C 0T0,Ceylon
S0K 4W0,Reford No. 379
S0K 1H0,Prairie Rose No. 309
S0M 0V0,Meota No. 468
S0M 1A0,Beaver River No. 622
S0G 2N0,Kenaston
S0G 2W0,Scott No. 98
S0N 1H0,Happyland No. 231
S0L 2C0,Eye Hill No. 382
S0N 1N0,Maple Creek No. 111
S0C 1T0,Surprise Valley No. 9
S6H 1S3,Moose Jaw
S0G 3R0,Nokomis
S6H 4P4,Moose Jaw
S0J 2J0,Torch River No. 488
S0A 3H0,Rama
S0L 2V0,Pleasant Valley No. 288
S0K 3V0,Lake Lenore No. 399
S7H 0V4,Saskatoon
S0N 1G0,Lancer
S4P 4M1,Regina
S0G 4M0,Wood Creek No. 281
S0K 4L0,Unity
S7K 3P4,N/A
S0G 5E0,Wilcox
S4P 4M1,Regina
S3N 2X3,Orkney No. 244
S0K 1X0,Corman Park No. 344
S4P 4M1,Regina
S0H 2B0,Shamrock No. 134
S0K 2L0,Corman Park No. 344
S0G 5J0,Milestone
S7L 6V7,N/A
S0L 0T0,Eston
S0C 0K0,Bengough
S0N 2M0,Grassy Creek No. 78
S6V 0C7,Prince Albert
S0A 3B0,Buchanan No. 304
S0G 0Y0,Cupar No. 218
S0A 0X0,Willowdale No. 153
S0L 1A0,Snipe Lake No. 259
S0A 1E0,Grayson No. 184
S0G 2H0,Wee Too Beach
S0L 0Z0,Monet No. 257
S4P 2T4,N/A
S0M 2C0,Manitou Lake No. 442
S0N 1P0,Deer Forks No. 232
S0G 3N0,Walpole No. 92
S0K 2Y0,Muenster
S0N 0J0,Pittville No. 169
S7K 0G1,Osler
S6V 5Z4,Prince Albert
S4L 1C3,Edenwold No. 158
S7M 0Z5,Saskatoon
S7K 3P4,N/A
S0J 0K0,Shellbrook No. 493
S4P 4M1,Regina
S7K 4E3,Saskatoon
S0G 1L0,South Qu'Appelle No. 157
S0N 2M0,Grassy Creek No. 78
S0A 4T0,Elfros No. 307
S0C 2M0,Souris Valley No. 7
S0K 2M0,Prairie Rose No. 309
S9V 1C1,Lloydminster
S0E 1T0,Barrier Valley No. 397
S4P 3G8,Regina
S7K 1H1,Saskatoon
S7K 0G1,Osler
S0K 2T0,Corman Park No. 344
T2H 2N1,N/A
S0K 0J0,Corman Park No. 344
S0M 0Y0,Medstead No. 497
S6V 0C7,Prince Albert
S0E 0L0,Moose Range No. 486
S0A 2A0,Langenburg No. 181
S9X 1T4,Meadow Lake
S0N 0T0,White Valley No. 49
S0N 0V0,Fox Valley
S0A 1C0,Stanley No. 215
S0G 4A0,Qu'Appelle
S0A 1W0,Sasman No. 336
S0K 2K0,Landis
S0M 1H0,Lashburn
S0A 2A0,Langenburg No. 181
S7K 3P4,N/A
S0G 3L0,Caledonia No. 99
S0L 2N0,Rudy No. 284
S0A 2V0,Keys No. 303
S0K 4P0,Fish Creek No. 402
S0C 2G0,Laurier No. 38
S0H 3R0,Poplar Valley No. 12
S0K 2X0,Three Lakes No. 400
S7L 0V5,Saskatoon
S0K 4S0,Corman Park No. 344
S7K 3P4,N/A
S0A 4C0,Theodore
S0C 2L0,Torquay
S7K 3P4,N/A
S0G 5C0,Silverwood No. 123
S0N 0P0,Reno No. 51
S4P 4M1,Regina
S0M 0E0,Glenside No. 377
S0K 0N0,Great Bend No. 405
S0L 2V0,Pleasant Valley No. 288
S9H 3X3,Swift Current
S0H 1X0,Wood River No. 74
S0C 0G0,Brock No. 64
S0N 0W0,Frontier
S7H 0V2,Saskatoon
S6V 5Z4,Prince Albert
S9A 2Y7,North Battleford
S0C 0B0,Reciprocity No. 32
S0L 0C0,Beechy
S0J 0G0,Invergordon No. 430
S4P 2H9,Regina
S0A 0L0,Canora
S9V 1C1,Lloydminster
S0L 0P0,Montrose No. 315
S0K 4V0,Watson
S0C 2B0,Enniskillen No. 3
S0L 1S0,Kindersley No. 290
S0L 1T0,Lacadena No. 228
S0A 1V0,Kellross No. 247
S0M 2G0,Frenchman Butte No. 501
S0M 1P0,Manitou Lake No. 442
S0A 2P0,Grayson No. 184
S0A 4T0,Elfros No. 307
S0E 1E0,Tobin Lake
S9H 3X3,Swift Current
S4P 2H9,Regina
S4P 3G8,Regina
S4P 4M1,Regina
S4P 2T4,N/A
S0G 4T0,Stoughton
S7N 0W0,N/A
S0A 4J0,Wadena
S0G 5H0,Wolseley
S0K 4Y0,Young
S0M 1W0,Medstead No. 497
S9H 3X3,Swift Current
S4A 0V8,Estevan
S4P 3G8,Regina
S4P 4M1,Regina
S4P 4M1,Regina
S4P 4M1,Regina
S4P 4T1,N/A
S9A 2Y7,North Battleford
S4L 1C3,Edenwold No. 158
S0E 1W0,Zenon Park
S0A 0M0,Langenburg No. 181
S0L 0V0,Winslow No. 319
S0G 1J0,Balgonie
S0K 2A0,Humboldt
S6V 3V4,Prince Albert
S0L 2A0,Progress No. 351
S0H 2W0,Glen McPherson No. 46
S6H 4P4,Moose Jaw
S0C 1Y0,Ogema
S6V 5Z4,Prince Albert
S0A 3E0,Quill Lake
S7K 3P4,N/A
S0G 3C0,Pense No. 160
S0G 4P0,Longlaketon No. 219
S0N 2S0,Piapot No. 110
S0K 4V0,Watson
S0J 3B0,White Fox
S7K 1H1,Saskatoon
S0A 1S0,Kamsack
S6V 5Z4,Prince Albert
S0A 2B0,McLeod No. 185
S0K 2A0,Humboldt
S0H 1X0,Wood River No. 74
S0N 1A0,Webb No. 138
S0N 0W0,Frontier
S0J 3E0,Candle Lake
S6V 5Z4,Prince Albert
S9H 3X3,Swift Current
S0N 2M0,Grassy Creek No. 78
S7K 3P4,N/A
S0C 0A0,Moose Creek No. 33
S0K 1W0,Usborne No. 310
S7K 5E5,Saskatoon
S0H 0Z0,Coronach
S0J 0S0,Debden
S0C 1N0,Benson No. 35
S0C 0X0,Benson No. 35
S7K 0V1,Saskatoon
S0H 2A0,Herbert
S0L 1R0,Mariposa No. 350
S0A 2M0,Invermay No. 305
S0K 2P0,Leroy No. 339
S9V 1C1,Lloydminster
S7K 3P4,N/A
S0K 2X0,Three Lakes No. 400
S0H 3C0,Morse No. 165
S7M 0X1,Saskatoon
S9H 3X3,Swift Current
S0E 1H0,Porcupine No. 395
S0K 2A0,Humboldt
S4S 0W9,Regina
S7N 1B7,Saskatoon
S4P 4M1,Regina
S0A 3W0,Spy Hill No. 152
S0C 0S0,Mount Pleasant No. 2
S0K 4L0,Unity
S0H 4H0,Excel No. 71
S0A 1V0,Kellross No. 247
S4P 3G8,Regina
S0J 2G0,Leask No. 464
S0K 1B0,Bayne No. 371
S9A 2Y7,North Battleford
S0G 4A0,Qu'Appelle
S0M 0T0,Meadow Lake No. 588
S4P 3G8,Regina
S0C 2H0,Reciprocity No. 32
S7K 3P4,N/A
S4X 4R3,Regina
S0K 0S0,Bayne No. 371
S7K 3P4,N/A
S0C 0S0,Mount Pleasant No. 2
S0J 0M0,Torch River No. 488
S0A 4T0,Elfros No. 307
S7K 0G1,Osler
S0E 0Y0,Hudson Bay No. 394
S0A 1S0,Kamsack
S0H 1V0,Waverley No. 44
S0K 2L0,Corman Park No. 344
S0H 2X0,Marquis
S0G 3N0,Walpole No. 92
S0H 0T0,Enfield No. 194
S0G 3S0,Francis No. 127
S6H 1S3,Moose Jaw
S0J 1L0,La Ronge
S6V 4Z4,Prince Albert
S0E 1M0,Ponass Lake No. 367
S0K 3X0,Leroy No. 339
S7K 0J5,Saskatoon
S0A 3S0,Semans
S4P 4M1,Regina
S0J 2J0,Torch River No. 488
S7K 3P4,N/A
S4H 2L3,Weyburn
S0A 4T0,Elfros No. 307
S4P 4M1,Regina
S0E 1A0,Melfort
S7K 5X2,Saskatoon
S4P 4M1,Regina
S0N 0J0,Pittville No. 169
S0J 0N0,Lakeland No. 521
S9H 3X3,Swift Current
T2H 2N1,N/A
S0J 1A0,Redberry No. 435
S0K 0M0,Biggar No. 347
S0G 1A0,Davidson
S4A 0V8,Estevan
S0A 1A0,Chorney Beach
S0N 1A0,Webb No. 138
S0A 1W0,Sasman No. 336
S0G 2R0,Hazelwood No. 94
S0G 2S0,Kipling
S6V 5Z4,Prince Albert
S0H 2S0,Loreburn No. 254
S0E 1A0,Melfort
S0C 1S0,Cymri No. 36
S0G 5A0,Wawken No. 93
S9H 3X3,Swift Current
S0H 2B0,Shamrock No. 134
S7K 0G1,Osler
S0J 2E0,Leask No. 464
S4P 4M1,Regina
S3N 0K7,Yorkton
S0A 3Y0,Fertile Belt No. 183
S7K 3P4,N/A
S0K 4T0,Watrous
S0A 1N0,Ituna
S0K 4T0,Watrous
S7M 3Y5,Saskatoon
S0G 3N0,Walpole No. 92
S7N 1H1,Saskatoon
S0L 0Y0,Chesterfield No. 261
S0K 3C0,Perdue No. 346
S0C 2H0,Reciprocity No. 32
S4P 3G8,Regina
S0K 2P0,Leroy No. 339
S0E 0B0,Kelvington No. 366
S0H 3G0,Assiniboia
S0G 0K0,Kingsley No. 124
S0G 0R0,Dufferin No. 190
S0K 0Z0,Colonsay No. 342
S0M 2Y0,Frenchman Butte No. 501
S0H 1J0,Mistusinne
S0C 0Z0,Argyle No. 1
S0G 1Z0,Last Mountain Valley No. 250
S0G 0K0,Kingsley No. 124
S0K 2B0,Prairie Rose No. 309
S0J 1N0,Spiritwood No. 496
S0J 1M0,Leask No. 464
S0G 3M0,Montmartre No. 126
S0H 0T0,Enfield No. 194
S0A 2V0,Keys No. 303
S7K 3P4,N/A
S0K 4P0,Fish Creek No. 402
S0A 3J0,Mount Hope No. 279
S0K 2J0,Lake Lenore
S7L 0X3,Saskatoon
S0G 4K0,Sedley
S0G 1S0,Fort San
S0G 4A0,Qu'Appelle
S0G 4V0,McKillop No. 220
S0E 1T0,Barrier Valley No. 397
S9H 3X3,Swift Current
S0H 0B0,Assiniboia
S4P 4M1,Regina
S9A 2Y7,North Battleford
S3N 2X3,Orkney No. 244
S9H 3X3,Swift Current
S0C 0R0,Moose Creek No. 33
S6V 4S9,Prince Albert
S6V 5Z4,Prince Albert
S0A 2T0,McLeod No. 185
S0A 3R0,Saltcoats No. 213
S0N 1G0,Lancer
S9H 3X3,Swift Current
S7T 1C9,Saskatoon
 SK S4P,N/A
T2H 2N1,N/A
T2H 2N1,N/A
T0B 0C0,Two Hills County No. 21
T4C 1X3,Cochrane
T1L 1A8,Banff
T1W 2B7,Canmore
"ane, AB",N/A
T2H 2N1,N/A
T1R 1B9,Newell County No. 4
T2P 2M5,Calgary
T2G 0V2,Calgary
T2E 1K4,Calgary
T2P 2M5,Calgary
T4V 1S5,Camrose
T5N 1H5,Edmonton
T5Y 0G3,Edmonton
T0K 0M0,Crowsnest Pass
T2H 2N1,N/A
T0M 0X0,Red Deer County
T5G 2S4,Edmonton
T0H 1L0,Clear Hills
T8V 0R5,Grande Prairie
T1A 0K8,Medicine Hat
T0J 2P0,Redcliff
T1V 1M6,High River
T4P 0N1,Red Deer
T2R 1L4,Calgary
T5J 2M1,Edmonton
T5J 2G9,Edmonton
T2G 0T3,Calgary
T0H 2J0,Grande Prairie County No. 1
T1K 1T1,Lethbridge
T3G 4S3,Calgary
T4H 1Y6,Olds
T8R 1R9,Morinville
T3J 3W6,Calgary
T0H 2M0,Northern Lights County
T0K 1W0,Pincher Creek No. 9
T4J 1R5,Ponoka
T4N 6M4,Red Deer
T4T 1C1,Rocky Mountain House
T1J 0K5,Lethbridge
T2P 0J4,Calgary
T2P 0G4,Calgary
T3H 3P8,Calgary
T2P 2Y9,Calgary
T7Z 1L8,Stony Plain
T9X 1A7,Vermilion
T9W 1P4,Wainwright
T9A 0S5,Wetaskiwin
T0H 1S0,Smoky River No. 130
T1A 3L7,Medicine Hat
T2H 2N1,N/A
T7N 1A4,Barrhead
T6G 2B7,Edmonton
T9M 1P3,Bonnyville No. 87
T9N 2J3,Bonnyville No. 87
T2H 2N1,N/A
T2S 0B7,Calgary
T0J 1S0,Wheatland County
T2E 1K4,Calgary
T2E 1K4,Calgary
T2E 0C3,Calgary
T2E 7S8,Calgary
T2Y 2Z3,Calgary
T2E 1K4,Calgary
T2H 2N1,N/A
"ary, AB",N/A
T0A 3A0,St. Paul
T0B 4N0,Flagstaff County
T9C 1S5,Vegreville
T5L 4Z2,Edmonton
T0L 1G0,Vulcan County
T6N 1H5,Edmonton
T4X 1E7,Beaumont
T2E 1K4,Calgary
T2H 2N1,N/A
T2Z 4J2,Calgary
T2P 4K5,Calgary
T3K 1J7,Calgary
T4N 6M4,Red Deer
T5G 0X3,Edmonton
T0L 0T0,Willow Creek No. 26
T2H 2N1,N/A
T2H 2N1,N/A
T2H 2N1,N/A
T2H 2N1,N/A
T2H 2N1,N/A
T2H 2N1,N/A
T9V 0K2,Lloydminster
T0J 0B0,Newell County No. 4
T2P 2M5,Calgary
T2E 1K4,Calgary
T4V 1S6,Camrose
T5J 4B7,Edmonton
T5V 1P3,Edmonton
T0K 0K0,Cardston County
T0M 0X0,Red Deer County
T6N 1H5,Edmonton
T5E 2S9,Edmonton
T5J 4G9,Edmonton
T5V 1P3,Edmonton
T7E 1T6,Yellowhead County
T2H 2N1,N/A
T4N 6M4,Red Deer
T2E 0C3,Calgary
T0L 0Z0,Willow Creek No. 26
T0M 0W0,Kneehill County
T3K 6B8,Calgary
T0K 1W0,Pincher Creek No. 9
T2Z 4J2,Calgary
T4P 1K4,Red Deer
T1S 1M3,Okotoks
T5H 3V9,Edmonton
T0K 1J0,Cardston County
T2P 2H5,Calgary
T2P 2Y9,Calgary
T2H 2N1,N/A
T0E 0S0,Parkland County
T9X 1A7,Vermilion
T0B 1V0,Provost No. 52
T9A 0S5,Wetaskiwin
T0H 1M0,Smoky River No. 130
T7S 1N9,Woodlands County
T5H 0V7,Edmonton
T1W 2V3,Canmore
T9W 1P4,Wainwright
T1R 1B9,Newell County No. 4
T2G 5A5,Calgary
T2G 0V2,Calgary
T9V 0K2,Lloydminster
T2E 1K4,Calgary
T5N 1H5,Edmonton
T9N 2J3,Bonnyville No. 87
T6X 0B2,Edmonton
T0J 0Y4,Drumheller
T0J 0W0,Starland County
T0A 3A0,St. Paul
T5H 1B8,Edmonton
T0M 0Y0,Kneehill County
T5L 4Z2,Edmonton
T0B 3S0,Provost No. 52
T2A 6K3,Calgary
T3H 3P8,Calgary
T2Z 4J2,Calgary
T3J 3Z5,Calgary
T2P 4K5,Calgary
T3J 3R2,Calgary
T0H 1M0,Smoky River No. 130
T0C 0J0,Lacombe County
T8N 6G5,St. Albert
T2H 2N1,N/A
T1K 1T1,Lethbridge
T4X 1E7,Beaumont
T4N 6M4,Red Deer
T9N 2J3,Bonnyville No. 87
T6N 1H5,Edmonton
S4P 3G8,Regina
T9X 1A7,Vermilion
T4V 1S6,Camrose
T0M 1T0,N/A
T2H 2N1,N/A
T0B 1G0,Vermilion River County
T1R 1B9,Newell County No. 4
T2M 0L4,Calgary
T0C 2L0,Stettler County No. 6
T5W 1A4,Edmonton
T9K 0M3,Wood Buffalo
T0A 2H0,Sturgeon County
T6C 0Y9,Edmonton
T7E 1T6,Yellowhead County
T0H 1W0,Clear Hills
T1B 1E3,Medicine Hat
T1G 1S8,Taber
T0L 0T0,Willow Creek No. 26
T4H 1Y6,Olds
T0A 1N0,Sturgeon County
T0B 0H0,Lacombe County
T4L 2K3,Lacombe
T7Z 1L8,Stony Plain
T2H 2N1,N/A
T0B 2E0,Provost No. 52
T0H 1S0,Smoky River No. 130
T2E 1K4,Calgary
T7P 2C6,Westlock
T7V 2A5,Hinton
T5X 6B1,Edmonton
T9N 2J3,Bonnyville No. 87
T2Z 1H1,Calgary
T1P 1K1,Strathmore
T2H 2N1,N/A
T4H 1P6,Olds
T0A 1A0,St. Paul County No. 19
T5H 1B8,Edmonton
T0M 2A0,Kneehill County
T6N 1H5,Edmonton
T0B 1A0,Flagstaff County
T1K 2R4,Lethbridge
T1Y 2X1,Calgary
T2G 4Z1,Calgary
T2S 0B7,Calgary
T4S 1M6,Sylvan Lake
T8H 2N4,Strathcona County
T2H 2N1,N/A
T2H 2N1,N/A
T4V 3M5,Camrose
T5T 4J5,Edmonton
T5X 6B1,Edmonton
T6H 4M6,Edmonton
T7E 1T6,Yellowhead County
T1A 6N9,Medicine Hat
T1H 2S1,Lethbridge
T0L 2B0,Vulcan County
"ox 483,",N/A
T0B 2R0,Lamont
T0M 0J0,Red Deer County
T0E 2K0,Parkland County
T0B 2H0,Flagstaff County
T8S 1T1,Northern Lights County
T2H 0M4,N/A
T9S 1C2,Athabasca
T6A 0A1,Edmonton
T3P 0A3,Calgary
T0J 1P0,Special Area No. 2
T0A 2T0,Lac la Biche County
T5H 1B8,Edmonton
T0M 0G0,Rocky View County
T0B 2L0,Flagstaff County
T8B 0A4,Strathcona County
T4R 2H6,Red Deer
T0G 1L0,Sturgeon County
T0G 2A0,Slave Lake
T1R 1B9,Newell County No. 4
T0B 4C0,Flagstaff County
T8L 2E5,Fort Saskatchewan
T9H 5B8,Wood Buffalo
T7E 1T6,Yellowhead County
T0J 2P0,Redcliff
T1K 7R3,Lethbridge
T0L 1R0,Willow Creek No. 26
T0M 0R0,Mountain View County
T4G 1P3,Innisfail
T7A 1S3,Drayton Valley
T0B 0V0,Wainwright No. 61
T0H 2H0,Mackenzie County
T3A 5R8,Calgary
T6T 0R1,Edmonton
T1P 1K1,Strathmore
T0A 2C0,Smoky Lake County
T0M 0V0,Red Deer County
T0C 0X0,Paintearth County No. 18
T0M 0N0,Mountain View County
T1H 5P4,Lethbridge
T0E 0Y0,Grande Cache
T2H 2N1,N/A
T6C 0Y9,Edmonton
T7X 0C8,Spruce Grove
T2P 2Y3,Calgary
T6E 5H5,Edmonton
T9E 6T2,Leduc
T5J 2W3,Edmonton
T2H 2N1,N/A
T0K 0G0,Forty Mile County No. 8
T1K 1T1,Lethbridge
T0M 0L0,Kneehill County
T4N 5Y6,Red Deer
T0E 2A0,Lac Ste. Anne County
T0B 1K0,Edgerton
T2A 6K3,Calgary
T6K 4A9,Edmonton
T6W 2P3,N/A
T1R 1B9,Newell County No. 4
T0B 3K0,Two Hills County No. 21
T4B 4J3,N/A
T0B 0A0,Paintearth County No. 18
T0J 1X2,Rocky View County
T6C 0Y9,Edmonton
T2H 2N1,N/A
T9V 3B7,Lloydminster
T6R 3K8,Edmonton
T5M 0J9,Edmonton
T1J 5C9,Lethbridge
 AB T0J,N/A
T0C 2J0,Lacombe County
T0E 1E0,Yellowhead County
T0C 1B0,Special Area No. 4
T8S 1T1,Northern Lights County
T3H 3P8,Calgary
T0B 4K0,Two Hills County No. 21
T2H 2N1,N/A
T2H 2N1,N/A
T2H 2N1,N/A
T8W 0G9,Grande Prairie
T2H 2N1,N/A
T2H 2N1,N/A
T2H 2N1,N/A
T2H 2N1,N/A
T2H 2N1,N/A
T2H 2N1,N/A
T2H 2N1,N/A
T2H 2N1,N/A
T2H 2N1,N/A
T2H 2N1,N/A
T2H 2N1,N/A
T2H 2N1,N/A
T2H 2N1,N/A
T6N 1H5,Edmonton
T2H 2N1,N/A
T2H 2N1,N/A
T2H 2N1,N/A
T2H 2N1,N/A
T2H 2N1,N/A
T2H 2N1,N/A
T2H 2N1,N/A
T2H 2N1,N/A
T2H 2N1,N/A
T2H 2N1,N/A
T1S 1M3,Okotoks
T2H 2N1,N/A
T2H 2N1,N/A
T0M 1J0,Kneehill County
T1K 1T1,Lethbridge
T0C 0B0,Lacombe County
T2H 2N1,N/A
T2A 4T8,Calgary
T2H 2N1,N/A
T0C 1C0,Special Area No. 4
T3A 5R8,Calgary
T2H 2N1,N/A
T2H 2N1,N/A
T2H 2N1,N/A
T2H 2N1,N/A
T2H 2N1,N/A
T2H 2N1,N/A
T2H 2N1,N/A
T2H 2N1,N/A
T2H 2N1,N/A
T2H 2N1,N/A
T2H 2N1,N/A
T2H 2N1,N/A
T2H 2N1,N/A
T2H 2N1,N/A
T2H 2N1,N/A
T2H 2N1,N/A
T2H 2N1,N/A
T2H 2N1,N/A
T2H 2N1,N/A
T4A 0K9,Airdrie
T2H 2N1,N/A
T2H 2N1,N/A
T2H 2N1,N/A
T2H 2N1,N/A
T2H 2N1,N/A
T2H 2N1,N/A
T2H 2N1,N/A
T2P 2Y9,Calgary
T9G 1E8,Devon
T2H 2N1,N/A
T2H 2N1,N/A
T2H 2N1,N/A
T4N 6M4,Red Deer
T0B 3H0,Minburn County No. 27
T5T 1L6,Edmonton
T1J 4S3,Lethbridge
T0M 0S0,Rocky View County
T1Y 7K7,Calgary
T3B 0E7,Calgary
T9W 1P4,Wainwright
T2V 4J8,Calgary
T5N 1H5,Edmonton
S9V 1K4,Vermilion River County
T5E 2S9,Edmonton
T5N 1H5,Edmonton
T5G 0X3,Edmonton
T8V 7S4,Grande Prairie
T1K 4B7,Lethbridge
"lds, AB",N/A
T4N 4C9,Red Deer
T6X 1X2,N/A
T1Y 3R6,Calgary
T2P 3V4,Calgary
T2E 0C3,Calgary
T1Y 6G2,Calgary
T5L 4Z6,Edmonton
T2H 2N1,N/A
E0A 1V0,N/A
E4Y 2B7,Acadieville
E8L 1J1,Allardville
E1C 1W8,Moncton
E3N 3Z8,Atholville
E9A 1E8,Carleton
E7A 2A1,Baker-Brook
E8E 2W7,Balmoral
E4P 8C8,Beaubassin East / Beaubassin-est
E1W 6E2,Bas-Caraquet
E2A 1B1,Bathurst
E1V 3L9,N/A
E8K 2G4,Beresford
E1W 1G7,Bertrand
E4S 3L2,Bouctouche
E3N 3H3,Campbellton
E1W 1B6,Caraquet
E8E 2W8,Charlo
E7A 2H7,Clair
E4R 1N6,Dundas
E8C 1A5,Dalhousie
E1A 1P2,Dieppe
E3Y 2P6,Drummond
E8E 1Y9,Dalhousie
E3V 1V6,Edmundston
E3V 3P1,Edmundston
E8E 1S4,Eel River Crossing
E8N 2T9,Grande-Anse
E3B 3W7,Fredericton
E4R 5K3,Dundas
E3Z 1G5,Grand Falls / Grand-Sault
E8B 1H5,Kedgwick
E7A 1H7,Lac Baker
E0C 1K0,N/A
E8T 3N5,Lamèque
E1A 4B2,Moncton
E8N 1T7,Maisonnette
E4K 3R5,Memramcook
E9G 1S1,Neguac
E4V 2H9,Dundas
E1C 7H7,Moncton
E3Y 1W2,Drummond
E3V 2H9,Edmundston
E8R 1J1,Paquetville
E8J 1R2,Petit-Rocher
E9A 1T2,Carleton
E8J 2S5,Pointe-Verte
E8P 1J2,Inkerman
E1X 2T8,Saumarez
E4K 1L1,Memramcook
E4W 2W6,Richibucto 15
E9H 1X1,Alnwick
E7C 2T7,Rivière-Verte
E4Y 1X5,Rogersville
E3Y 2Y6,Saint-André
E4S 1E6,Wellington
E7E 1B6,Sainte-Anne-de-Madawaska
E1A 1P2,Dieppe
E4V 1P9,Saint-Antoine
E7C 1H6,Edmundston
E2A 3A2,Bathurst
E7A 1S6,Edmundston
E3Y 1B9,Grand Falls / Grand-Sault
E3V 4W1,St. Hilaire
E4X 2H5,Saint-Louis
E8M 1C2,Saint-Isidore
E7B 1W6,Edmundston
E0K 1H0,N/A
E3Y 3H9,Saint-Léonard
E7E 2J4,Saint-Léonard
E4X 1G6,Saint-Louis de Kent
E4S 2H8,Saint Mary
E8P 1C9,Inkerman
E0A 3A0,N/A
E4T 3P6,Saint Mary
E8A 1J9,Saint-Quentin
E8T 1N8,Shippagan
E1X 2W6,Paquetville
E8L 1N4,Allardville
E8P 1Z7,Caraquet
E8K 2T6,Beresford
E4P 2Z9,Shediac
E4P 2B1,Shediac
E1X 1G4,Saumarez
E8S 1P5,Shippagan
E1X 1G5,Saumarez
E3N 5K6,Addington
E0A 2N0,N/A
E1W 1B7,Caraquet
E0B 1K0,N/A
E1W 1B7,Caraquet
K1M 1L7,Ottawa
K1N 5Z4,Ottawa
K1N 5X4,Ottawa
K1R 6P7,Ottawa
K1R 6P7,Ottawa
K1G 2H5,Ottawa
K1J 7S6,Ottawa
K1C 1G4,Ottawa
K0A 1N0,Clarence-Rockland
K0B 1A0,North Glengarry
K6A 2R8,Hawkesbury
K0C 2B0,North Stormont
K0B 1N0,Champlain
K0C 1A0,South Glengarry
K6J 3S2,Cornwall
K0A 3C0,The Nation / La Nation
K0A 1W0,North Dundas
K0A 1W0,North Dundas
K0A 2M0,The Nation / La Nation
K0A 3E0,Clarence-Rockland
K0A 1K0,Clarence-Rockland
K0B 1P0,East Hawkesbury
K0A 2A0,Clarence-Rockland
P0L 1C0,Cochrane
P0J 1E0,Armstrong
P0K 1R0,Black River-Matheson
P0K 1G0,Iroquois Falls
P0L 1C0,Cochrane
P3E 1C5,Greater Sudbury / Grand Sudbury
P3A 1Z6,Greater Sudbury / Grand Sudbury
P3N 1R8,Greater Sudbury / Grand Sudbury
P3P 1X6,Greater Sudbury / Grand Sudbury
P0M 1B0,"Sudbury, Unorganized, North Part"
P5E 1S6,Espanola
P0M 1M0,St.-Charles
P3C 5L1,Greater Sudbury / Grand Sudbury
P0M 1L0,"Sudbury, Unorganized, North Part"
P0M 1R0,St.-Charles
N8N 1X2,Tecumseh
N0R 1N0,Lakeshore
L3C 1L9,Welland
L3K 1P3,Port Colborne
L1H 1A4,Oshawa
M5H 4C7,Toronto
J0K 1C0,Saint-Ambroise-de-Kildare
J0K 2J0,Saint-Justin
J0K 1W0,Berthierville
J0K 2B0,Chertsey
J0K 1B0,Saint-Gabriel-de-Brandon
J0K 3H0,Saint-Thomas
J0K 2R0,Sainte-Geneviève-de-Berthier
J5M 2W1,Saint-Lin--Laurentides
J0K 3K0,Chertsey
J0K 2L0,Saint-Esprit
J0K 2E0,Saint-Gabriel-de-Brandon
J0K 2X0,Sainte-Julienne
J5X 2T2,L'Épiphanie
IST-ROI,N/A
J0K 2M0,Sainte-Élisabeth
J0T 2E0,Entrelacs
J0K 1Z0,Rawdon
J0K 3A0,Sainte-Mélanie
J0K 1T0,Saint-Alexis
J0K 3L0,Saint-Léon-le-Grand
J0K 3C0,Saint-Norbert
J0K 1A0,Berthierville
J0K 1E0,Lanoraie
J0K 1Y0,Saint-Ignace-de-Loyola
J0K 2K0,Saint-Cuthbert
J6E 5Z1,Joliette
J0K 3B0,Saint-Michel-des-Saints
J7K 3B6,Mascouche
J0K 2C0,Saint-Cuthbert
J0K 1S0,Rawdon
J0K 2Z0,Sainte-Marie-Salomé
J0K 1K0,Notre-Dame-de-Lourdes
J6E 7N2,Joliette
J0K 2T0,Sainte-Julienne
J0K 3N0,Saint-Zénon
J0K 1X0,Saint-Barthélemy
J0K 1A0,Berthierville
J0K 2N0,Saint-Cléophas-de-Brandon
J0K 2S0,Sainte-Ursule
J7M 1W7,Terrebonne
J6E 5P3,Joliette
J0K 3E0,Saint-Paul
J6E 4J5,Joliette
J0K 2P0,Saint-Alexis-des-Monts
J0K 2Y0,Sainte-Marcelline-de-Kildare
J0K 1L0,Saint-Didace
J6E 1E5,Notre-Dame-des-Prairies
J0T 2C0,Notre-Dame-de-la-Merci
J6E 6A7,Joliette
G9P 1P6,Shawinigan
G0X 2J0,Sainte-Anne-de-la-Pérade
G0X 2H0,N/A
G0X 2K0,Saint-Tite
G8T 6Z8,Trois-Rivières
J0C 1C0,Notre-Dame-du-Bon-Conseil
G0X 1A0,Batiscan
G0X 1C0,Champlain
G0Z 1C0,Saint-Sylvère
J0G 1V0,Saint-Célestin
J1Z 1C7,Saint-Cyrille-de-Wendover
J0H 1H0,Béthanie
J0C 1K0,Saint-Lucien
J0C 1J0,Saint-Lucien
G9T 1A6,Shawinigan
J2B 6V6,Drummondville
G9H 4L7,Bécancour
J0C 1K0,Saint-Lucien
G9T 2M1,Shawinigan
G9H 1Z3,Bécancour
G0X 2R0,Notre-Dame-de-Montauban
J0G 1X0,La Visitation-de-Yamaska
J0K 2V0,Saint-Justin
J0A 1B0,Saint-Rémi-de-Tingwick
J0C 1B0,L'Avenir
J0C 1M0,Saint-Léonard-d'Aston
G8Z 2V4,Trois-Rivières
G8T 3M7,Trois-Rivières
J0K 1N0,Maskinongé
J0G 1W0,Saint-Pie-de-Guire
G0X 3J0,Notre-Dame-du-Mont-Carmel
J3T 1V8,Nicolet
G9T 3J9,Shawinigan
G9A 5K8,Trois-Rivières
J0C 1A0,Sainte-Clotilde-de-Horton
G9N 4T9,Shawinigan
G0P 1B0,Saint-Jacques-le-Majeur-de-Wolfestown
G0X 1Z0,N/A
G0X 2A0,N/A
G0P 1J0,Chesterville
J0C 1R0,Sainte-Brigitte-des-Saults
G9A 5V2,Trois-Rivières
G6L 5G9,Princeville
G9N 3Z3,Shawinigan
G0X 3L0,Shawinigan
G0X 2P0,Saint-Étienne-des-Grès
G0X 1L0,Shawinigan
G0X 2Y0,Saint-Narcisse
J0G 1A0,Sainte-Monique
J0A 1M0,Tingwick
G9A 5G4,Trois-Rivières
G0X 3A0,Shawinigan
J0C 1E0,Sainte-Clotilde-de-Horton
G0X 2B0,Saint-Séverin
G0Z 1J0,Saint-Wenceslas
J0K 1V0,Saint-Alexis-des-Monts
G9N 7Y9,Shawinigan
G0Z 1H0,Saint-Sylvère
J0C 1G0,Saint-Célestin
G9N 6T8,Shawinigan
J0B 2T0,Saint-Félix-de-Kingsey
G0X 3G0,Grandes-Piles
G0X 3B0,Saint-Sévère
J0C 1S0,Wickham
G0X 2G0,Saint-Adelphe
G0X 2X0,Saint-Luc-de-Vincennes
G0X 3H0,Saint-Tite
G0X 2V0,Shawinigan
G0X 3K0,Saint-Luc-de-Vincennes
G9N 0A2,Shawinigan
J0K 3G0,Saint-Paulin
G0X 1J0,Hérouxville
G0X 3C0,Sainte-Sophie-de-Lévrard
G0X 2Z0,Notre-Dame-de-Montauban
G0X 2S0,N/A
J0G 1N0,Saint-Célestin
J0A 1H0,Saint-Albert
J0A 1E0,Saint-Albert
G0Z 1E0,Sainte-Eulalie
G0X 1B0,Hérouxville
G0X 3E0,Sainte-Geneviève-de-Batiscan
G8Z 3E2,Trois-Rivières
G9N 6T6,Shawinigan
G8Z 4B2,Trois-Rivières
J0A 1L0,Tingwick
G9X 1L3,La Tuque
J5V 1J6,Louiseville
G6P 7W7,Victoriaville
G0P 1M0,Sainte-Sophie-d'Halifax
G0X 1S0,Lemieux
G9N 7Y6,Shawinigan
G9A 4N5,Trois-Rivières
G0X 2M0,Sainte-Sophie-de-Lévrard
G9N 6V9,N/A
J0C 1L0,Saint-Guillaume
J0G 1L0,Saint-David
G0X 1N0,Saint-Mathieu-du-Parc
G0X 1E0,Yamachiche
G6P 5V8,Victoriaville
G8T 1G5,Trois-Rivières
G0X 3L0,Shawinigan
G9A 3L4,Trois-Rivières
J0K 3M0,Sainte-Ursule
G9P 1M5,Shawinigan
J0G 1J0,Saint-Elphège
G8T 7W1,N/A
J0K 2H0,Saint-Édouard-de-Maskinongé
G0X 2L0,Saint-Élie-de-Caxton
G8T 6Y6,Trois-Rivières
J0C 1N0,L'Avenir
G0X 1V0,Manseau
G6P 1R9,Victoriaville
G8Y 1G6,Trois-Rivières
J0G 1M0,Saint-Pie-de-Guire
J0H 2C0,Maricourt
G8T 2T8,Trois-Rivières
G0X 3P0,La Tuque
J0K 2W0,Saint-Léon-le-Grand
G9A 5M6,Trois-Rivières
G8Z 3X4,Trois-Rivières
G6P 4T1,Victoriaville
G0M 1M0,Sainte-Aurélie
G0M 1P0,Saint-Victor
G0M 1B0,Saint-Gédéon-de-Beauce
G0L 2J0,Saint-Antonin
G0L 1W0,Mont-Carmel
G0M 1Y0,Saint-Prosper
G0Y 1C0,Lac-Drolet
G6G 7M8,Thetford Mines
G0N 1P0,Saint-Joseph-des-Érables
G0M 1V0,Saint-Honoré-de-Shenley
G0L 2H0,Saint-André
G1K 2Z4,Québec
G0M 2C0,Saint-Zacharie
G0T 1M0,N/A
G0R 1S0,Lac-Etchemin
G0M 1T0,Saint-Zacharie
G0R 4G0,Sainte-Rose-de-Watford
G6V 4H3,Lévis
G0R 2V0,Sainte-Claire
G0S 2P0,Vallée-Jonction
G1N 4G8,Québec
G0M 1Y0,Saint-Prosper
G1C 2V2,Québec
G1H 1G4,Québec
G1R 1P6,Québec
G5A 1Y1,La Malbaie
G0N 1G0,Tring-Jonction
G0R 2N0,Saint-Anselme
G7A 1C9,Lévis
G0M 2A0,Saint-Théophile
G1L 3L1,Québec
G0M 1N0,Saint-Victor
G0M 1W0,Saint-Gédéon-de-Beauce
G0R 1L0,Lac-Etchemin
G0R 3C0,Saint-Gervais
G0R 1G0,Notre-Dame-Auxiliatrice-de-Buckland
G0R 4L0,Saint-Léon-de-Standon
G0L 3J0,Sainte-Hélène
G0S 2V0,Saint-Odilon-de-Cranbourne
G1C 8J7,Québec
G0S 1T0,Notre-Dame-de-Lourdes
G0L 3P0,Saint-Joseph-de-Kamouraska
G0R 1Z0,La Pocatière
G0A 4A0,Cap-Santé
G0S 2J0,Vallée-Jonction
G1K 5W8,Québec
G0N 1R0,Saint-Jules
G0R 2T0,Saint-Charles-de-Bellechasse
G0S 2S0,Lévis
G0S 2A0,Saint-Pierre-de-Broughton
G0R 3R0,Saint-Marcel
G5X 3P1,Beauceville
-MOULIN,N/A
G0S 3J0,Vallée-Jonction
G0N 1V0,Tring-Jonction
G0R 1N0,Saint-Léon-de-Standon
G0R 1P0,Saint-Antoine-de-l'Isle-aux-Grues
G6V 6Z1,Lévis
G0S 1K0,Saint-Jean-de-Brébeuf
G0R 1A0,Armagh
G6V 0M5,Lévis
G0A 4B0,Saint-Marc-des-Carrières
G2E 3B6,L'Ancienne-Lorette
G3A 1G8,Saint-Augustin-de-Desmaures
G0M 1R0,Saint-Éphrem-de-Beauce
G0T 1G0,Les Bergeronnes
G0T 1Y0,Sacré-Coeur
G1R 2M5,Québec
G0S 2H0,Sainte-Croix
G0L 2C0,Saint-Denis
G1N 4G8,Québec
G0R 2X0,Saint-Damase-de-L'Islet
G0H 1S0,Ragueneau
G0Y 1M0,Lac-Drolet
G6L 2Y7,Plessisville
G6E 3Y9,Sainte-Marie
G5V 3A5,Montmagny
G0R 1H0,L'Islet
G0S 2R0,Sainte-Hénédine
G3M 1J5,Donnacona
G0N 1S0,Adstock
G6X 1L4,Lévis
G0T 1T0,N/A
G0S 1Z0,Saint-Agapit
G3L 3W2,Saint-Raymond
G0A 1T0,N/A
G0A 2K0,L'Ange-Gardien
G0L 3Y0,Saint-Pascal
G0S 1W0,Saint-Narcisse-de-Beaurivage
G0S 1L0,Lévis
G0R 3W0,Saint-Onésime-d'Ixworth
G0R 2C0,Rivière-Ouelle
G1K 1C1,Québec
G0M 1G0,Saint-Hilaire-de-Dorset
G5R 3Z3,Rivière-du-Loup
G0R 3N0,Saint-Fabien-de-Panet
G5R 0C5,Rivière-du-Loup
G2B 3L1,Québec
G0A 4L0,Saint-Ubalde
G3H 0H6,Pont-Rouge
G0N 1N0,Irlande
G0M 1C0,Saint-Sébastien
G0R 3S0,Saint-Michel-de-Bellechasse
G0G 1P0,Havre-Saint-Pierre
G0A 3L0,Deschambault-Grondines
G1C 2C8,Québec
G0A 3M0,Sainte-Catherine-de-la-Jacques-Cartier
G0M 2B0,Saint-Victor
G5Y 1K2,Saint-Georges
G0A 1E0,Saint-Ferréol-les-Neiges
G4A 1G1,Clermont
G0S 3C0,Saint-Elzéar
G1J 3B4,Québec
G0X 1M0,Notre-Dame-de-Montauban
G0L 2R0,Saint-Germain
G0L 2G0,Saint-Alexandre-de-Kamouraska
G0R 1Y0,Sainte-Rose-de-Watford
G0S 1Y0,Saint-Bernard
G5A 2P2,La Malbaie
G0T 2A0,Tadoussac
G1J 2C9,Québec
G1J 2S6,Québec
G0S 2G0,Lévis
G0S 2A0,Saint-Pierre-de-Broughton
G1R 5X4,Québec
G0A 1N0,Château-Richer
G1S 2N2,Québec
G0A 3C0,Sainte-Anne-de-Beaupré
G0N 1B0,Tring-Jonction
G0L 3X0,Saint-Pacôme
G0A 2R0,Neuville
G0S 2K0,Leclercville
G6W 0M6,N/A
G0A 3G0,Cap-Santé
G0A 3X0,Saint-Joachim
G0S 2E0,Saint-Lambert-de-Lauzon
G0S 1S0,Lotbinière
G6W 2S6,Lévis
G0R 2W0,Saint-Cyrille-de-Lessard
G0S 1B0,Saint-Bernard
G0S 1G0,Notre-Dame-de-Lourdes
G0A 3A0,Rivière-à-Pierre
 L'ANSE,N/A
G0N 1T0,Disraeli
G0L 3E0,Saint-Pacôme
G0S 1P0,Saint-Lambert-de-Lauzon
G0A 3B0,Stoneham-et-Tewkesbury
G0S 1M0,Saint-Flavien
G0R 2C0,Rivière-Ouelle
G0R 3A0,Saint-François-de-la-Rivière-du-Sud
G0L 2L0,Saint-Athanase
G0A 4E0,Saint-Pierre-de-l'Île-d'Orléans
G1N 2Z2,Québec
G0N 1M0,Saint-Adrien-d'Irlande
G0R 2R0,Saint-Aubert
G0S 1X0,Parisville
G0M 1H0,Courcelles
G0R 3H0,Saint-Just-de-Bretenières
G0S 2X0,Sainte-Marguerite
G0N 1J0,Saint-Pierre-de-Broughton
G0S 3G0,Sainte-Marie
G0R 2Y0,Saint-Malachie
G0R 4J0,Cap-Saint-Ignace
G1R 2P9,Québec
G0R 4C0,Saint-Raphaël
G1V 1W3,Québec
G1L 2W9,Québec
G0S 2E0,Saint-Lambert-de-Lauzon
G0R 4B0,Saint-Pierre-de-la-Rivière-du-Sud
G0R 3E0,Saint-Henri
G0A 2Y0,Fossambault-sur-le-Lac
G0L 2T0,N/A
G0A 3Y0,Les Éboulements
G6W 1H7,Lévis
G0R 3J0,Saint-Lazare-de-Bellechasse
G0R 2P0,Sainte-Apolline-de-Patton
G0G 2E0,Natashquan
G0R 2J0,Saint-Fabien-de-Panet
G1T 1Z3,Québec
G0H 1P0,Colombier
G0N 1E0,Disraeli
G0M 1E0,Saint-Théophile
G0A 1A0,Portneuf
G1S 3B4,Québec
STUAIRE,N/A
G0A 4P0,Saint-Gabriel-de-Valcartier
G4Z 1S7,Baie-Comeau
G0A 1H0,Boischatel
G0R 3K0,Sainte-Louise
G0A 1S0,Portneuf
G0A 1W0,Deschambault-Grondines
G0R 4A0,Saint-Philémon
G0S 3A0,Saint-Odilon-de-Cranbourne
G3Z 1L7,Baie-Saint-Paul
G0A 3J0,L'Isle-aux-Coudres
G0S 2W0,Lévis
G0S 1J0,Fortierville
G0R 1B0,Saint-Cyprien
G0A 4K0,Saint-Urbain
G0R 2M0,Saint-Adalbert
G0S 3L0,N/A
G6G 5V9,Thetford Mines
G6V 5K1,Lévis
-TERRES,N/A
G0A 2M0,Les Éboulements
G2N 1R9,Québec
G0A 4J0,Saint-Tite-des-Caps
G1C 5Y8,Québec
G0R 1M0,Frampton
G0G 2L0,Rivière-au-Tonnerre
G0G 1V0,Longue-Pointe-de-Mingan
G0A 3Z0,Saint-Jean-de-l'Île-d'Orléans
G0M 1K0,Sainte-Aurélie
G0R 3X0,Saint-Pamphile
G0A 3K0,Saint-Pierre-de-l'Île-d'Orléans
G0R 4E0,Rivière-Ouelle
G0T 1V0,Saint-Irénée
G5R 2B6,Rivière-du-Loup
G0S 2C0,Lévis
G0T 1A0,Baie-Sainte-Catherine
G0M 1K0,Sainte-Aurélie
G4R 1Y4,Sept-Îles
G0S 1H0,Dosquet
G0L 3G0,Saint-Germain
G0R 3M0,Armagh
G0R 1E0,Berthier-sur-Mer
G0X 1W0,Notre-Dame-de-Montauban
G0R 4R0,Saint-Omer
G0S 3K0,Villeroy
G0R 3L0,Sainte-Lucie-de-Beauregard
G0S 2N0,Villeroy
G0R 4H0,Sainte-Sabine
G0L 4A0,Saint-Philippe-de-Néri
G0R 2L0,Saint-Louis-de-Gonzague
G0A 3R0,Saint-Ferréol-les-Neiges
G0S 3H0,Saint-Lambert-de-Lauzon
G2C 0G7,Québec
G0N 1C0,Adstock
G0T 1S0,Saint-Aimé-des-Lacs
G0A 2L0,Petite-Rivière-Saint-François
G0S 3E0,Saints-Anges
G1L 2W9,Québec
G0R 1W0,Saint-Raphaël
G0N 1K0,Thetford Mines
G6C 1E2,Lévis
G6J 1J9,Lévis
G0R 1C0,Beaumont
G0M 1S0,Saint-Évariste-de-Forsyth
G0G 1A0,Aguanish
G5B 2J4,Port-Cartier
G1R 4L4,Québec
G3G 1P9,Québec
G1H 2T3,Québec
G0S 1E2,Lévis
G0R 3V0,Saint-Nérée
G5V 2J8,Montmagny
G3J 1W5,N/A
G0N 1W0,N/A
G6H 4H7,Thetford Mines
G0H 1R0,Baie-Trinité
G0R 4M0,Tourville
G0T 1Z0,Longue-Rive
G0R 1X0,L'Islet
G1E 2G2,Québec
G5C 2W9,Baie-Comeau
G3K 1Y6,N/A
G0H 1G0,Godbout
G0G 1W0,Blanc-Sablon
G0A 3V0,Saint-Hilarion
G0R 2S0,Saint-Camille-de-Lellis
G0T 1K0,Les Escoumins
G0H 1A0,Baie-Trinité
G0R 4P0,Sainte-Félicité
G1V 2V5,Québec
G0G 2W0,Côte-Nord-du-Golfe-du-Saint-Laurent
G1Y 3T4,Québec
G6G 5V1,Thetford Mines
G1C 1V6,Québec
G1L 1Z1,Québec
G1T 1R9,Québec
G0T 1E0,Forestville
G1M 3L7,Québec
G0M 2E0,Saint-Robert-Bellarmin
G0S 1N0,Laurier-Station
G0T 1L0,Notre-Dame-des-Monts
G0R 3Y0,Sainte-Perpétue
G1V 0B3,Québec
G3E 1S9,Québec
G1G 5E6,Québec
G1G 5S9,Québec
G0A 2Z0,Portneuf
G1W 4R7,Québec
G1P 3V5,Québec
G5Y 2E3,Saint-Georges
G1X 1R3,Québec
G0R 3T0,Saint-Nazaire-de-Dorchester
G0T 1P0,Portneuf-sur-Mer
G0L 1M0,Kamouraska
G2B 1B6,Québec
G0A 4V0,Québec
G1W 0E8,N/A
G1V 3W1,Québec
G5R 3Y9,Rivière-du-Loup
G0G 2Y0,L'Île-d'Anticosti
G6V 1A8,Lévis
G0G 1T0,Gros-Mécatina
G5V 1R2,Montmagny
G1V 4T3,Québec
G1E 3R7,Québec
G6V 6P6,Lévis
G6V 6P6,Lévis
G5Y 1K2,Saint-Georges
H3K 1J4,Montréal
H4G 1W6,Montréal
H2L 3L6,Montréal
H2L 4C6,Montréal
H2E 1V6,Montréal
H2J 1R7,Montréal
H2G 1T1,Montréal
H1W 2E2,Montréal
J0R 1R0,Saint-Sauveur
J7E 2X6,Sainte-Thérèse
J7Z 1Z6,Saint-Jérôme
J0N 1H0,Sainte-Marthe-sur-le-Lac
J0L 1N0,Sainte-Julie
J0L 2L0,Delson
J0P 1P0,Rivière-Beaudette
J8S 0G6,N/A
H1W 1P4,Montréal
J9E 3A9,Maniwaki
J8X 3Y5,Gatineau
J6N 1X8,Beauharnois
H1X 1P1,Montréal
J0Z 2G0,Saint-Bruno-de-Guigues
J0Z 3B0,Notre-Dame-du-Nord
J6T 4J1,Salaberry-de-Valleyfield
J3V 3T8,Saint-Bruno-de-Montarville
J3N 1M7,N/A
J9V 2B6,Ville-Marie
J0Z 2Z0,Notre-Dame-du-Nord
J0Z 1G0,Béarn
J0Z 2R0,Lorrainville
J3E 2N2,Sainte-Julie
J0Z 2E0,Moffet
J0Z 3L0,Saint-Eugène-de-Guigues
J0Z 2P0,Lorrainville
J0Z 2A0,Béarn
J0L 2A0,Saint-Isidore
H3C 1K2,N/A
J6S 3K4,Salaberry-de-Valleyfield
H2S 1H2,Montréal
J0S 1V0,Saint-Chrysostome
J6R 0B2,Mercier
J3Y 5B7,Longueuil
J0J 1W0,Saint-Paul-de-l'Île-aux-Noix
H4E 3H6,Montréal
J0S 1T0,Saint-Louis-de-Gonzague
J8Y 3X6,Gatineau
J0X 3B0,Thurso
H1W 1K4,Montréal
H2H 1B6,Montréal
J0Z 2N0,Lorrainville
J7N 2P5,Mirabel
J0X 2W0,Pontiac
J8E 3H4,Mont-Tremblant
J0S 1Y0,Saint-Urbain-Premier
J9L 1L5,Mont-Laurier
J0W 1R0,Nominingue
J0Z 1Z0,Saint-Édouard-de-Fabre
J8T 8M4,Gatineau
H3M 1L3,Montréal
H2L 1E1,Montréal
H1Y 1G4,Montréal
H1N 1R4,Montréal
H2S 1T9,Montréal
J5W 1S3,L'Assomption
H1L 3A9,Montréal
J0S 1N0,Franklin
J0W 1C0,Ferme-Neuve
J0N 1E0,Saint-Joseph-du-Lac
H2R 1X2,Montréal
J9X 7A2,Rouyn-Noranda
J3L 4V6,Chambly
H2S 1S3,Montréal
J6K 5B1,Châteauguay
J0X 2L0,Val-des-Bois
J6S 6N7,Salaberry-de-Valleyfield
J0X 1W0,Kazabazua
H1K 3V5,Montréal
J0X 1M0,Waltham
J8C 1J5,Sainte-Agathe-des-Monts
J0W 1G0,Lac-du-Cerf
J7N 2B7,Mirabel
H2J 1W2,Montréal
J4H 1C4,Longueuil
H4L 2H6,Montréal
J3B 1W5,Saint-Jean-sur-Richelieu
H2V 1V4,Montréal
H1A 3W2,Montréal
J0S 1S0,Howick
H1Z 3E3,Montréal
H1L 3K9,Montréal
J4R 2K7,Longueuil
H2K 3N9,Montréal
J0X 1V0,Litchfield
H7N 2P3,Laval
H2R 1X2,Montréal
J0Z 3J0,Rouyn-Noranda
H1V 1Z4,Montréal
J0T 1G0,Huberdeau
H2G 2E4,Montréal
H4A 3J7,Montréal
H4C 1S3,Montréal
H1N 2B4,Montréal
J3X 2J4,Varennes
J0W 1V0,Sainte-Anne-du-Lac
H7T 1R1,Laval
H4E 3W2,Montréal
J0P 1X0,Saint-Télesphore
J0T 1J3,Lac-des-Seize-Îles
J0T 2N0,Val-David
H1X 1A7,Montréal
H8P 1S9,Montréal
H4G 1N5,Montréal
H2B 1R9,Montréal
J8N 7X1,Val-des-Monts
J5Z 1W5,Charlemagne
J0S 1W0,Saint-Stanislas-de-Kostka
J4K 3R5,Longueuil
J0V 1E0,Lac-Simon
H2X 1R9,Montréal
H1S 1N2,Montréal
J7J 1A1,Mirabel
J0V 1J0,Gore
J0Z 3H0,Rémigny
J0X 2M0,Notre-Dame-du-Laus
J8T 3P9,Gatineau
J7V 2N4,Vaudreuil-Dorion
J0W 1H0,Kiamika
H7V 1E8,Laval
J7R 1M8,Deux-Montagnes
H4E 2L7,Montréal
J0S 1P0,Godmanchester
J0S 1G0,Saint-Chrysostome
J8H 1Y7,Lachute
H3T 1Y5,Montréal
J3B 2J6,Saint-Jean-sur-Richelieu
J0L 1C0,Contrecoeur
H1Y 1W3,Montréal
J0W 1X0,Rivière-Rouge
J0T 1B0,Sainte-Adèle
H8S 2E5,Montréal
J4T 2T2,Longueuil
H8R 3G8,Montréal
J7V 1Y2,Vaudreuil-Dorion
J0T 2C0,Notre-Dame-de-la-Merci
J4J 1X3,Longueuil
J0W 1Y0,Lac-du-Cerf
J9E 3L4,Maniwaki
H7C 1S9,Laval
J6W 1T5,Terrebonne
J6T 4X1,Salaberry-de-Valleyfield
H8S 1M9,Montréal
J5R 1V1,La Prairie
J0T 1T0,La Minerve
H1W 1S7,Montréal
J7V 6L7,L'Île-Perrot
J4B 6R2,Boucherville
H4G 1Z4,Montréal
J6S 2B3,Salaberry-de-Valleyfield
J0P 1Z0,Saint-Télesphore
J0V 1A0,N/A
J0L 2R0,Verchères
H1L 2R2,Montréal
H7L 4T7,Laval
H3L 1T8,Montréal
H1T 2A4,Montréal
J3B 3L1,Saint-Jean-sur-Richelieu
H4H 1H2,Montréal
J8B 2M3,Sainte-Adèle
J6J 3R1,Châteauguay
H2J 1E6,Montréal
H1X 3C9,Montréal
H2A 1T9,Montréal
H2R 2N8,Montréal
J7V 7A8,Pincourt
J0V 1S0,Plaisance
H8P 1N6,Montréal
J8Y 3G7,Gatineau
H3M 1L3,Montréal
H9B 1P7,Dollard-Des Ormeaux
H2B 1J5,Montréal
J4H 1Z5,Longueuil
H2G 1A9,Montréal
J4K 3T5,Longueuil
J7Z 5M6,Saint-Jérôme
H9R 4Y2,Pointe-Claire
H4L 1B7,Montréal
J0J 1L0,Saint-Armand
J0P 1L0,N/A
H2P 1Z2,Montréal
J9H 1A5,Gatineau
H1X 1G8,Montréal
J6Z 1H1,Bois-des-Filion
H1B 4Z7,Montréal-Est
J0S 1K0,Très-Saint-Sacrement
H2S 2G3,Montréal
J4K 1W5,Longueuil
H3L 1C3,Montréal
H1R 2A2,Montréal
J0T 1M0,La Conception
J0S 1R0,Havelock
H1H 2S4,Montréal
H9H 4G2,Montréal
J0R 1R0,Saint-Sauveur
H4J 1H8,Montréal
J5A 2G8,Saint-Constant
H2A 1G7,Montréal
H1N 3P6,Montréal
J4P 2J1,Saint-Lambert
H7S 1N1,Laval
H1H 2G6,Montréal
H1S 1N2,Montréal
J0L 2J0,Saint-Michel
H2B 1V6,Montréal
J4G 1C4,Longueuil
H2L 2J4,Montréal
J0J 1J0,Lacolle
H1L 2K9,Montréal
H1K 1N6,Montréal
J8P 1E6,Gatineau
H7B 1B8,Laval
J0T 1H0,Labelle
H2N 1T3,Montréal
J5A 2C9,Saint-Constant
H7A 1Z6,Laval
H7X 3S9,Laval
H1Z 1C4,Montréal
H1T 1E1,Montréal
H8N 1X8,Montréal
J8Y 1R8,Gatineau
H1K 3V5,Montréal
J0S 1H0,Ormstown
J8L 1K1,Gatineau
J8M 1K3,Gatineau
H7G 2C9,Laval
J0T 1L0,Estérel
J6A 1Y8,Repentigny
J4Y 0G4,Brossard
J2W 2A3,Saint-Jean-sur-Richelieu
J0V 1R0,Montebello
J0P 1B0,Saint-Polycarpe
J7V 9C4,Terrasse-Vaudreuil
J0V 1L0,Montebello
H1R 1K2,Montréal
J4N 1C5,Longueuil
J7Z 3B8,Saint-Jérôme
H7V 1J4,Laval
H2M 2E9,Montréal
J0L 1G0,N/A
H1K 2G4,Montréal
J0V 1V0,Ripon
H2C 2A1,Montréal
J0V 1W0,Fassett
J7Y 2N1,Saint-Jérôme
H7P 1T8,Laval
H7C 1M4,Laval
J0Z 1A0,Angliers
J0Z 1L0,Belleterre
H1G 3A1,Montréal
J0L 2N0,Hemmingford
J5Y 2P9,Repentigny
J4B 3V4,Boucherville
H1G 1K5,Montréal
J7G 1A9,Boisbriand
H2L 2M2,Montréal
J0Z 3R0,Témiscaming
J3B 7T1,Saint-Jean-sur-Richelieu
J7C 2M7,Blainville
J0J 1Z0,Lacolle
J0L 1H0,Hemmingford
 QC H5B,N/A
J5Z 1P5,Repentigny
H2J 2K6,Montréal
H2R 1P7,Montréal
H2M 1L8,Montréal
H2T 1R7,Montréal
J7N 2Y3,Mirabel
J7P 4X5,Saint-Eustache
H7M 2P9,Laval
H1H 3Z4,Montréal
J6A 2T6,Repentigny
H1G 1W9,Montréal
H2P 2M9,Montréal
H2E 2H1,Montréal
H7R 1Z2,Laval
H1E 3A3,Montréal
H7T 0K2,N/A
H7K 2J8,Laval
H7N 5B2,Laval
H7E 2B6,Laval
H1W 1A3,Montréal
H2S 1K8,Montréal
J4G 2H9,Longueuil
J0L 1B0,Kahnawake
H3E 1T5,Montréal
J4W 3K6,Brossard
J0R 1A0,Saint-Jérôme
H2Z 1J9,Montréal
H2E 2G6,Montréal
H8N 1T6,Montréal
H1G 2T2,Montréal
H1S 1M2,Montréal
H2S 3E1,Montréal
H2S 3E1,Montréal
H1R 1X3,Montréal
H1E 3B5,Montréal
H2B 1L1,Montréal
H7L 1L6,Laval
H2M 1L8,Montréal
J6K 3C3,Châteauguay
H1M 3M3,Montréal
J4B 6R2,Boucherville
J8T 8M4,Gatineau
J8Y 3X6,Gatineau
H7T 2L1,Laval
G6V 7N5,Lévis
H3B 2T9,Montréal
H5B 1C4,Montréal
G0C 1Y0,Cascapédia--Saint-Jules
G0C 1E0,Bonaventure
G0C 2Z0,Carleton-sur-Mer
G0C 2E0,Nouvelle
G0C 3C0,Shigawake
G0C 3A0,Saint-Siméon
G0C 2V0,Hope Town
G0C 2B0,Caplan
G4X 6G5,Gaspé
G0C 1P0,Port-Daniel--Gascons
G4X 6R2,Gaspé
G4X 6L3,Gaspé
G0E 1G0,Cloridorme
G0E 1K0,Grande-Vallée
G0E 2J0,N/A
G0C 1H0,Caplan
G0C 1J0,Maria
G0C 2A0,Chandler
G0E 1P0,Sainte-Madeleine-de-la-Rivière-Madeleine
G4X 6A6,Gaspé
G0C 1K0,Chandler
G0C 1G0,Percé
G4X 2V2,Gaspé
G4T 3E6,Les Îles-de-la-Madeleine
G4T 5G9,Les Îles-de-la-Madeleine
G4X 5H8,Gaspé
G0C 1V0,Grande-Rivière
G0B 1A0,N/A
G4V 1A3,Sainte-Anne-des-Monts
G0B 1J0,N/A
G0C 2L0,Percé
G0C 3B0,Percé
G0J 1E0,Cap-Chat
G0E 1S0,Marsoui
G0B 1G0,N/A
G0E 1T0,Murdochville
G4X 4L2,Gaspé
G0E 1V0,Mont-Saint-Pierre
G0C 2B0,Caplan
G0C 2K0,Hope
G0E 1W0,Murdochville
J1H 1P9,Sherbrooke
J0B 1L0,Cookshire-Eaton
J0B 2S0,Saint-Denis-de-Brompton
J0B 2A0,Cookshire-Eaton
J1A 2B4,Coaticook
J0A 1C0,Tingwick
J1N 2K6,Sherbrooke
G0P 1A0,Ham-Nord
G0P 1C0,Notre-Dame-de-Ham
J1H 2A4,Sherbrooke
J0E 1P0,Racine
J0E 2B0,Lawrenceville
J0E 1H0,Bonsecours
J0B 3H0,Compton
G0Y 1N0,Saint-Romain
J0B 2W0,Saint-Herménégilde
J0E 2L0,Bonsecours
G6B 1C8,Lac-Mégantic
J0B 3J0,Saint-Joseph-de-Ham-Sud
J0B 1W0,Bury
G0Y 1L0,Saint-Sébastien
J0A 1G0,Sainte-Séraphine
J0B 2Y0,Saint-Isidore-de-Clifton
J0E 1X0,Racine
J1L 2E4,N/A
J0B 2R0,Saint-Denis-de-Brompton
J0A 1N0,Wotton
J0B 2X0,Saint-Isidore-de-Clifton
J0B 3J0,Saint-Joseph-de-Ham-Sud
J1G 2C5,Sherbrooke
J0B 2N0,Saint-Félix-de-Kingsey
J1M 1J9,Sherbrooke
G0Y 1A0,Audet
J0E 1Y0,Racine
J0B 1E0,Stanstead
J0B 3E0,Stanstead-Est
J0B 1M0,Newport
J0B 1Y0,La Patrie
J1T 3Y3,Asbestos
J0B 1K0,Chartierville
G0Y 1J0,Nantes
J0B 2L0,Dudswell
J0B 2A0,Cookshire-Eaton
J1X 2Z4,Magog
J0B 1R0,East Angus
J1C 0N8,Sherbrooke
J1X 2A5,Magog
J0B 3G0,Saint-Joseph-de-Ham-Sud
G0Y 1K0,N/A
G0Y 1H0,Piopolis
J0B 1J0,Newport
G0Y 1G0,Marston
J0B 1S0,Ulverton
G0Y 1B0,Val-Racine
G0Y 1P0,Stratford
G0Y 1R0,Saint-Augustin-de-Woburn
J0B 2H0,Melbourne
G0P 1G0,Saint-Jacques-le-Majeur-de-Wolfestown
J0B 1A0,Ascot Corner
J0B 2V0,Saint-François-Xavier-de-Brompton
J1H 1S2,Sherbrooke
J0A 1J0,Saint-Georges-de-Windsor
J0A 1A0,Tingwick
J1H 2B3,Sherbrooke
J0E 2K0,Potton
J0B 2E0,Notre-Dame-des-Bois
G0N 1E0,Disraeli
J0B 2Z0,Saint-Joseph-de-Ham-Sud
J0B 3A0,Cookshire-Eaton
J1J 2G2,Sherbrooke
J1H 4C7,Sherbrooke
G6B 1J1,Lac-Mégantic
J0B 2K0,Stanstead
J1S 2K5,Windsor
J1J 1J5,Sherbrooke
J1K 2W7,Sherbrooke
J1G 1E7,Sherbrooke
J1J 2E3,Sherbrooke
J1H 5N4,Sherbrooke
G0L 1B0,Rimouski
G0L 2V0,Saint-Éloi
G5L 0G6,N/A
G5H 2V9,Mont-Joli
G0J 2N0,Saint-François-d'Assise
G0J 1J0,Sainte-Marguerite-Marie
G0L 1J0,Pohénégamook
G0J 2E0,Saint-Alexis-de-Matapédia
G5J 0E6,N/A
G0L 3T0,Saint-Mathieu-de-Rioux
G0L 4E0,Rimouski
G0L 4G0,Sainte-Rita
G0L 4C0,Saint-Simon
G0K 1L0,Saint-Gabriel-de-Rimouski
G0L 4H0,Lejeune
G0K 1S0,Sainte-Luce
G0L 1K0,L'Isle-Verte
G0K 1J0,N/A
G0J 2K0,Sainte-Félicité
G0J 3K0,Lac-au-Saumon
G4W 3N2,Matane
G0L 2B0,Rivière-Bleue
G0J 1C0,Baie-des-Sables
G0K 1C0,Les Hauteurs
G0L 3M0,Saint-Jean-de-Dieu
G0K 1H0,Saint-Anaclet-de-Lessard
G5L 1G3,Rimouski
G0J 1M0,Lac-au-Saumon
G0J 2H0,Sainte-Jeanne-d'Arc
G0J 1X0,Padoue
G0J 3B0,Saint-Octave-de-Métis
G0J 1T0,Les Méchins
G5T 1L4,Dégelis
G0L 4K0,Trois-Pistoles
G0L 2Y0,Saint-Eusèbe
G0L 3B0,Sainte-Françoise
G0J 1V0,Ristigouche-Partie-Sud-Est
G0J 1A0,Causapscal
G0J 2X0,Saint-René-de-Matane
G0J 3J0,Saint-Vianney
G0J 2W0,Saint-François-d'Assise
G0L 2Z0,Saint-Fabien
G0K 1V0,Esprit-Saint
G0K 1T0,Biencourt
G0L 2P0,Saint-Cyprien
G0L 3L0,Saint-Hubert-de-Rivière-du-Loup
G0L 1J0,Pohénégamook
G0J 2Z0,Val-Brillant
G5L 6M3,Rimouski
G5L 7B7,Rimouski
G5T 1L4,Dégelis
G0J 1R0,L'Ascension-de-Patapédia
G0J 1P0,Saint-Moïse
G0J 3L0,Val-Brillant
G0L 2N0,Saint-Clément
G0L 1A0,Packington
G0L 3N0,Dégelis
G0L 1Z0,Packington
G0L 1T0,Saint-Marc-du-Lac-Long
G0L 3K0,Saint-Hubert-de-Rivière-du-Loup
G0K 1B0,La Trinité-des-Monts
G0K 1M0,Saint-Gabriel-de-Rimouski
G0K 1E0,N/A
G0L 3W0,Saint-Modeste
G0J 2J0,Saint-Damase
G0L 3R0,Saint-Juste-du-Lac
G0J 2B0,Saint-Damase
G0L 2K0,Saint-Modeste
G0L 2X0,Saint-Épiphane
G5L 6A4,Rimouski
G0J 3H0,Sainte-Félicité
G0J 1Z0,Grand-Métis
G0L 1G0,Cacouna
G0L 2E0,Notre-Dame-des-Neiges
G0J 2T0,Sainte-Jeanne-d'Arc
G0L 3S0,Saint-Louis-du-Ha! Ha!
G0J 1S0,Métis-sur-Mer
G4W 3P5,Matane
G0J 3E0,Saint-René-de-Matane
G0L 1X0,Témiscouata-sur-le-Lac
G5L 0G6,N/A
G7H 5G7,Saguenay
G8M 3E9,Albanel
G8K 3C3,Saint-Félicien
G8H 2L6,Roberval
G7B 1E9,Saguenay
G8K 2P8,Saint-Félicien
G8J 1G2,La Doré
G7H 5K3,Saguenay
G7X 7W8,N/A
G0W 2A0,N/A
G0V 1L0,Saguenay
G7B 3R4,Saguenay
G7N 1W1,Saguenay
G8B 5W1,Alma
G8N 1S5,Hébertville
G0W 2L0,Hébertville-Station
G0W 1T0,Hébertville-Station
G8M 1Y3,N/A
G7B 1R4,Saguenay
G8L 1H1,Dolbeau-Mistassini
G0W 2P0,Saint-Gédéon
G8G 2J5,Métabetchouan--Lac-à-la-Croix
G8J 1S9,Saint-Prime
G0W 1G0,Chambord
G7S 3H1,Saguenay
G0W 1N0,Saint-Thomas-Didyme
G7X 7X6,Saguenay
G0W 2G0,Péribonka
G0W 1E0,Sainte-Jeanne-d'Arc
G0W 1K0,Saint-Augustin
G7P 2T2,Saint-Ambroise
G0V 1B0,Saint-Honoré
G0W 1B0,Notre-Dame-de-Lorette
G0W 2V0,Saint-Augustin
G0W 1M0,Lac-Bouchette
G8E 2J2,Alma
G0W 2R0,Sainte-Hedwidge
G0W 2K0,Saint-André-du-Lac-Saint-Jean
G0V 1M0,Saint-Félix-d'Otis
G0W 2S0,Labrecque
G0W 2X0,Alma
G0W 1P0,Saint-Thomas-Didyme
G0W 1R0,Girardville
G0W 2M0,Saint-Edmond-les-Plaines
G0W 1Y0,Saint-Bruno
G0W 2T0,Chambord
G0V 1N0,Mont-Élie
G0V 1S0,Sainte-Rose-du-Nord
G0V 1J0,L'Anse-Saint-Jean
G7G 1W7,Saguenay
G0W 2B0,Passes-Dangereuses
G0W 1V0,Lac-Bouchette
G7X 7V9,Saguenay
G0W 1Z0,Larouche
G0V 1T0,Sainte-Rose-du-Nord
G8M 4H5,Normandin
G0V 1P0,Rivière-Éternité
G7X 7W4,N/A
G0W 1X0,Lamarche
G0V 1C0,Saint-Honoré
G0W 2H0,Mashteuiatsh
G8B 6W7,Alma
G7X 6L2,N/A
G7H 5K3,Saguenay
G7H 7Y4,Saguenay
J5P 1S5,N/A
J0Y 1J0,La Corne
J0Z 3C0,Palmarolle
J0Z 3E0,Rouyn-Noranda
J0Z 3K0,Roquemaure
J0Z 2S0,Macamic
J0Y 1X0,Lebel-sur-Quévillon
J0Y 1M0,La Motte
J9P 1S5,Val-d'Or
J0Y 1V0,Landrienne
J9Z 1K9,La Sarre
J9T 3X2,Amos
J0Y 2S0,Rouyn-Noranda
J0Y 1A0,La Morandière
J0Z 1M0,Sainte-Germaine-Boulé
J0Z 1R0,Roquemaure
J0Y 1C0,Rouyn-Noranda
J0Y 2R0,La Corne
J0Z 1X0,Sainte-Hélène-de-Mancebourg
J0Y 1T0,La Motte
J0Z 2L0,La Reine
J0Z 3A0,Dupuy
J0Y 1R0,Champneuf
J0Z 1J0,N/A
J0Z 2Y0,Rouyn-Noranda
J0Y 1L0,Landrienne
J9X 5A3,Rouyn-Noranda
G0W 1H0,Chapais
J0Z 1H0,Baie-James
G8P 1N8,Chibougamau
J0Z 1V0,Clerval
J0Z 1N0,Chazel
J0Z 1E0,Macamic
J0Y 2K0,Saint-Dominique-du-Rosaire
J0Z 3N0,Guérin
J0Z 3S0,Baie-James
J0Z 3V0,Baie-James
J0Z 2B0,Rouyn-Noranda
G0W 1C0,Mistissini
J0Y 2A0,Matagami
J0Y 3C0,Waswanipi
J0Y 1Z0,Val-d'Or
J0H 1V0,Upton
J0H 1Z0,Acton Vale
J0L 1R0,Saint-Antoine-sur-Richelieu
J0H 1R0,Roxton
J2S 2Z9,Saint-Hyacinthe
J0E 1E0,Ange-Gardien
J0H 1K0,Acton Vale
J0J 1E0,Saint-Georges-de-Clarenceville
J0H 2G0,Saint-Pie
J0H 1J0,Saint-Damase
J3H 3N9,Mont-Saint-Hilaire
J0L 2E0,Rougemont
J0G 1S0,Saint-Robert
J0J 2C0,Saint-Ignace-de-Stanbridge
J0G 1P0,Saint-Ours
J3P 7V9,Sorel-Tracy
J2G 6W3,Granby
J0H 1Y0,Saint-Simon
J0H 2B0,Maricourt
J2G 4Y5,Granby
J0H 1A0,Acton Vale
J0J 1X0,Saint-Alexandre
J0L 2B0,Sainte-Angèle-de-Monnoir
J0H 1M0,Sainte-Hélène-de-Bagot
J0H 1B0,Saint-Pie
J0H 2A0,N/A
J2K 1J3,Cowansville
J3R 1L2,Sorel-Tracy
ROSALIE,N/A
J0H 1E0,Béthanie
J0H 1G0,Roxton Falls
J0L 1T0,Ange-Gardien
J3M 1A5,Marieville
J0H 1C0,Saint-Ours
J0E 1M0,Dunham
J0H 2E0,Acton Vale
J0H 1J0,Saint-Damase
J0E 2C0,Granby
J0J 1S0,Notre-Dame-de-Stanbridge
J3G 4K4,Beloeil
J0E 1A0,Saint-Paul-d'Abbotsford
J2X 3Z9,Saint-Jean-sur-Richelieu
J2S 2Z9,Saint-Hyacinthe
J0J 1K0,Venise-en-Québec
J0J 2G0,Saint-Armand
J0J 1Y0,Saint-Pierre-de-Véronne-à-Pike-River
J0E 1C0,N/A
J0J 1A0,Stanbridge Station
J2G 2X1,Granby
J3G 1P0,N/A
J0E 1Z0,Bonsecours
J0H 1L0,Acton Vale
J2S 2V7,Saint-Hyacinthe
J2N 1P9,Farnham
J0E 2N0,Racine
J2T 2H8,Saint-Hyacinthe
J0H 1N0,Saint-Hugues
J2S 5H5,Saint-Hyacinthe
J0G 1K0,Massueville
J3L 3Z2,Richelieu
J3G 3R2,Beloeil
J3P 1M6,Sorel-Tracy
J2S 3V6,Saint-Hyacinthe
J0H 1P0,Saint-Valérien-de-Milton
J3L 6A6,Saint-Mathias-sur-Richelieu
J0H 1S0,Upton
J0L 1M0,Saint-Césaire
J0J 1M0,Frelighsburg
J2G 5H9,Granby
J3R 5M7,Sorel-Tracy
J2T 1K5,Saint-Hyacinthe
J3P 2M1,Sorel-Tracy
J0E 1L0,N/A
J2C 2A8,Drummondville
J2S 7Y6,Saint-Hyacinthe
J2G 2X1,Granby
H1Y 2A4,Montréal
H1N 1A8,Montréal
H2J 1N3,Montréal
G8T 2V8,Trois-Rivières
H4W 2J9,Côte-Saint-Luc
H1N 1R1,Montréal
H2P 2M9,Montréal
H2Z 1A3,Montréal
G1L 2Y5,Québec
G1M 3W5,Québec
H2M 2V1,Montréal
J1H 1M2,Sherbrooke
H2C 1R7,Montréal
J2S 6L6,Saint-Hyacinthe
J7Y 4B7,Saint-Jérôme
J9X 4P5,Rouyn-Noranda
G2C 1P1,Québec
G8B 1N2,Alma
G9T 2W1,Shawinigan
J2S 2T2,Saint-Hyacinthe
J6E 6J2,Saint-Charles-Borromée
H4J 1C5,Montréal
G6G 5S5,Thetford Mines
G7S 3H3,Saguenay
H3W 1W5,Montréal
H3T 1C5,Montréal
H3L 1K5,Montréal
G4Z 2W2,Baie-Comeau
G7H 1S6,Saguenay
G6L 2X7,Plessisville
H7S 2J2,Laval
H2L 4M1,Montréal
J5R 1W8,La Prairie
J1G 2E3,Sherbrooke
J1T 4P8,Asbestos
H2K 3V9,Montréal
G4Z 1J8,Baie-Comeau
H2K 4S3,Montréal
J2B 1C1,Drummondville
J8C 1S1,Sainte-Agathe-des-Monts
G0A 1B0,N/A
J3R 4R4,Sorel-Tracy
H8S 4H2,Montréal
G4R 3B5,Sept-Îles
H8R 3E7,Montréal
H1N 3M5,Montréal
J7H 1H9,Boisbriand
J0T 1T0,La Minerve
G9N 6W5,Shawinigan
H8R 3H6,Montréal
H8S 4K4,Montréal
J8L 2X5,Gatineau
H2K 4S1,Montréal
J1A 2S8,Coaticook
H2M 2V1,Montréal
H8T 1A2,Montréal
G0A 1R1,Shannon
G0V 1A0,Saguenay
H3B 4W5,Montréal
H2W 1Z3,Montréal
H1B 1B4,Montréal-Est
H4P 2K9,Mont-Royal
J9L 1S9,Mont-Laurier
H2K 2X3,Montréal
J3B 8J3,Saint-Jean-sur-Richelieu
G5B 1E3,Port-Cartier
J3R 1L3,Sorel-Tracy
J6E 5G4,Joliette
G2J 1A5,Québec
H1L 6P3,Montréal
H9H 5G6,Kirkland
H1N 1N1,Montréal
H4M 2S9,Montréal
H2L 2R4,Montréal
H3B 2M9,Montréal
H1Y 1H7,Montréal
H1B 1B3,Montréal-Est
H4A 1V7,Montréal
H4E 2A8,Montréal
H4L 4X4,Montréal
H9H 5G6,Kirkland
H2Z 0A5,Montréal
H1X 3A5,Montréal
J6T 2G9,Salaberry-de-Valleyfield
H4T 1W7,Montréal
J8Y 6T4,Gatineau
J8P 5J1,Gatineau
H9H 5G6,Kirkland
G9X 1K8,La Tuque
H2Y 1M6,Montréal
G9A 5V2,Trois-Rivières
G8Z 4J8,Trois-Rivières
H3K 2A4,Montréal
H4S 2A9,Montréal
J7R 6A7,Deux-Montagnes
G1K 3G6,Québec
H7L 5Z6,Laval
H2K 4S1,Montréal
H2K 4M5,Montréal
J9P 1S4,Val-d'Or
G8Z 4J8,Trois-Rivières
H2X 1R9,Montréal
G0C 2B0,Caplan
H1Y 2A4,Montréal
H5B 1E4,Montréal
H5B 1B2,Montréal
H2Z 1W5,Montréal
H5B 1B3,Montréal
M4Y 1A4,N/A
L1N 5S9,Whitby
M4H 1H2,Toronto
K9V 4T7,Kawartha Lakes
M4S 2B2,Toronto
L3V 6L2,Orillia
P0J 1P0,Coleman
L1H 1A1,Oshawa
P1B 8L2,North Bay
P1B 8K5,North Bay
M4Y 1A4,N/A
K1G 4A2,Ottawa
M5G 1X6,Toronto
L1V 1C3,Pickering
N0H 2C0,Saugeen Shores
M1B 3C3,Toronto
M8Z 5S4,N/A
L1E 2J5,Clarington
N2Z 3B9,Kincardine
M6E 2X4,Toronto
L9Y 3K3,Collingwood
M1P 5B7,Toronto
M8X 2X3,Toronto
M2M 4J7,N/A
L4M 3A7,Barrie
N3Y 2M8,Norfolk County
L5E 3C1,Mississauga
L5J 2Y4,Mississauga
L4C 9S6,Richmond Hill
L4G 6K9,Aurora
L1R 2X3,Whitby
M8X 2X3,Toronto
M1V 2J7,Toronto
M1K 2M5,Toronto
L3V 1V4,Orillia
L9M 1M3,Penetanguishene
N4N 1P1,Hanover
L9W 1K3,Orangeville
L9Y 3K3,Collingwood
M5J 1H8,Toronto
N4K 5N3,Meaford
M5G 1Z5,Toronto
M8X 2X3,Toronto
M8X 2X3,Toronto
N5H 1J7,Aylmer
N3R 5L8,Brantford
N1H 4E9,Guelph
L8P 1A1,Hamilton
L8H 2V4,Hamilton
N6H 0H9,N/A
K1P 6B9,Ottawa
N4K 5P3,Owen Sound
K8A 6X3,Pembroke
N0K 1W0,West Perth
L2R 3H8,St. Catharines
N2T 1H4,Waterloo
M5S 2S3,Toronto
M4T 1L7,Toronto
N0G 2V0,South Bruce
N9A 4J3,Windsor
N4S 1B7,Woodstock
N4X 1A9,St. Marys
K2J 5G4,Ottawa
M2N 5X2,Toronto
N1H 1C3,Guelph
L2S 3W3,St. Catharines
N1G 4V9,Guelph
M4G 4H9,Toronto
L6A 4R9,N/A
L2E 6A8,Niagara Falls
L3M 1P2,Grimsby
L4N 9J7,Barrie
L0S 1S0,Fort Erie
L2S 3W3,St. Catharines
N1L 0G6,Guelph
L8G 1E4,Hamilton
L2S 3P5,St. Catharines
L0R 1C0,Hamilton
L3Y 2M7,Newmarket
L0R 1P0,Hamilton
L4N 4E3,Barrie
M8X 2X3,Toronto
L4E 0B8,Richmond Hill
N3C 1Z3,Cambridge
L7M 0W3,N/A
M6G 1A1,Toronto
L0S 1E0,Pelham
L0S 1V0,Port Colborne
L2S 3W3,St. Catharines
L3C 1L8,Welland
L6E 0H7,Markham
K2C 3G4,Ottawa
K2L 4B8,Ottawa
N1R 5N6,Cambridge
N1H 6N3,Guelph
N1M 3T8,Centre Wellington
M6K 3M9,Toronto
M4X 1P2,Toronto
L0S 1T0,Niagara-on-the-Lake
L2M 3W4,St. Catharines
L0R 2C0,Hamilton
L2N 4H6,St. Catharines
L2T 3Y6,St. Catharines
L3K 3G1,Port Colborne
L0R 1B5,Lincoln
L2H 3J6,Niagara Falls
L9G 3K9,Hamilton
L2A 1N2,Fort Erie
L2G 2P4,Niagara Falls
M4N 3M5,Toronto
M4E 1E1,Toronto
M6R 2N3,Toronto
L6R 3P4,Brampton
M6S 1N6,Toronto
M4S 2N3,Toronto
L2N 4H6,St. Catharines
V6Y 5Z6,N/A
L3R 4C3,Markham
L5L 3P9,Mississauga
M4K 3E1,Toronto
L2N 4H6,St. Catharines
M5G 1Z5,Toronto
L1V 1C3,Pickering
N0H 2C0,Saugeen Shores
M1E 4X9,Toronto
M8Z 5S4,N/A
L1E 3B4,Clarington
N2Z 3B9,Kincardine
M8Z 5S4,N/A
L9Y 3K3,Collingwood
M1P 4T6,Toronto
M8X 2X3,Toronto
M8X 2X3,Toronto
L4M 1G6,Barrie
N0A 1L0,Haldimand County
L5E 3C1,Mississauga
L5J 2Y4,Mississauga
L4C 9S6,Richmond Hill
L4G 6K9,Aurora
L1R 2X3,Whitby
M8X 2X3,Toronto
M1P 4T6,Toronto
M1P 4T6,Toronto
L3V 1V4,Orillia
L9M 1M3,Penetanguishene
N4N 1P1,Hanover
L9W 1K3,Orangeville
M5G 2E1,Toronto
N4K 5N3,Meaford
